--
-- PostgreSQL database dump
--

-- Dumped from database version 17.2
-- Dumped by pg_dump version 17.2

-- Started on 2025-04-11 23:06:10

SET statement_timeout = 0;
SET lock_timeout = 0;
SET idle_in_transaction_session_timeout = 0;
SET transaction_timeout = 0;
SET client_encoding = 'UTF8';
SET standard_conforming_strings = on;
SELECT pg_catalog.set_config('search_path', '', false);
SET check_function_bodies = false;
SET xmloption = content;
SET client_min_messages = warning;
SET row_security = off;

SET default_tablespace = '';

SET default_table_access_method = heap;

--
-- TOC entry 235 (class 1259 OID 44579)
-- Name: audit_logs; Type: TABLE; Schema: web_ledger; Owner: mydbuser
--

CREATE TABLE web_ledger.audit_logs (
    id integer NOT NULL,
    action text NOT NULL,
    details text,
    "timestamp" timestamp without time zone DEFAULT CURRENT_TIMESTAMP
);


ALTER TABLE web_ledger.audit_logs OWNER TO mydbuser;

--
-- TOC entry 234 (class 1259 OID 44578)
-- Name: audit_logs_id_seq; Type: SEQUENCE; Schema: web_ledger; Owner: mydbuser
--

CREATE SEQUENCE web_ledger.audit_logs_id_seq
    AS integer
    START WITH 1
    INCREMENT BY 1
    NO MINVALUE
    NO MAXVALUE
    CACHE 1;


ALTER SEQUENCE web_ledger.audit_logs_id_seq OWNER TO mydbuser;

--
-- TOC entry 5027 (class 0 OID 0)
-- Dependencies: 234
-- Name: audit_logs_id_seq; Type: SEQUENCE OWNED BY; Schema: web_ledger; Owner: mydbuser
--

ALTER SEQUENCE web_ledger.audit_logs_id_seq OWNED BY web_ledger.audit_logs.id;


--
-- TOC entry 227 (class 1259 OID 44514)
-- Name: ledger_column_master; Type: TABLE; Schema: web_ledger; Owner: mydbuser
--

CREATE TABLE web_ledger.ledger_column_master (
    id integer NOT NULL,
    ledger_master_id integer NOT NULL,
    column_name text NOT NULL,
    data_type text NOT NULL,
    max_length integer,
    display_order integer,
    is_filterable boolean DEFAULT false
);


ALTER TABLE web_ledger.ledger_column_master OWNER TO mydbuser;

--
-- TOC entry 226 (class 1259 OID 44513)
-- Name: ledger_column_master_id_seq; Type: SEQUENCE; Schema: web_ledger; Owner: mydbuser
--

CREATE SEQUENCE web_ledger.ledger_column_master_id_seq
    AS integer
    START WITH 1
    INCREMENT BY 1
    NO MINVALUE
    NO MAXVALUE
    CACHE 1;


ALTER SEQUENCE web_ledger.ledger_column_master_id_seq OWNER TO mydbuser;

--
-- TOC entry 5028 (class 0 OID 0)
-- Dependencies: 226
-- Name: ledger_column_master_id_seq; Type: SEQUENCE OWNED BY; Schema: web_ledger; Owner: mydbuser
--

ALTER SEQUENCE web_ledger.ledger_column_master_id_seq OWNED BY web_ledger.ledger_column_master.id;


--
-- TOC entry 237 (class 1259 OID 44619)
-- Name: ledger_history; Type: TABLE; Schema: web_ledger; Owner: mydbuser
--

CREATE TABLE web_ledger.ledger_history (
    id integer NOT NULL,
    ledger_type_id integer NOT NULL,
    ledger_type text NOT NULL,
    update_row integer NOT NULL,
    updated_by text NOT NULL,
    update_time timestamp without time zone DEFAULT CURRENT_TIMESTAMP,
    update_details text
);


ALTER TABLE web_ledger.ledger_history OWNER TO mydbuser;

--
-- TOC entry 236 (class 1259 OID 44618)
-- Name: ledger_history_id_seq; Type: SEQUENCE; Schema: web_ledger; Owner: mydbuser
--

CREATE SEQUENCE web_ledger.ledger_history_id_seq
    AS integer
    START WITH 1
    INCREMENT BY 1
    NO MINVALUE
    NO MAXVALUE
    CACHE 1;


ALTER SEQUENCE web_ledger.ledger_history_id_seq OWNER TO mydbuser;

--
-- TOC entry 5029 (class 0 OID 0)
-- Dependencies: 236
-- Name: ledger_history_id_seq; Type: SEQUENCE OWNED BY; Schema: web_ledger; Owner: mydbuser
--

ALTER SEQUENCE web_ledger.ledger_history_id_seq OWNED BY web_ledger.ledger_history.id;


--
-- TOC entry 225 (class 1259 OID 44503)
-- Name: ledger_master; Type: TABLE; Schema: web_ledger; Owner: mydbuser
--

CREATE TABLE web_ledger.ledger_master (
    id integer NOT NULL,
    ledger_name text NOT NULL
);


ALTER TABLE web_ledger.ledger_master OWNER TO mydbuser;

--
-- TOC entry 224 (class 1259 OID 44502)
-- Name: ledger_master_id_seq; Type: SEQUENCE; Schema: web_ledger; Owner: mydbuser
--

CREATE SEQUENCE web_ledger.ledger_master_id_seq
    AS integer
    START WITH 1
    INCREMENT BY 1
    NO MINVALUE
    NO MAXVALUE
    CACHE 1;


ALTER SEQUENCE web_ledger.ledger_master_id_seq OWNER TO mydbuser;

--
-- TOC entry 5030 (class 0 OID 0)
-- Dependencies: 224
-- Name: ledger_master_id_seq; Type: SEQUENCE OWNED BY; Schema: web_ledger; Owner: mydbuser
--

ALTER SEQUENCE web_ledger.ledger_master_id_seq OWNED BY web_ledger.ledger_master.id;


--
-- TOC entry 229 (class 1259 OID 44529)
-- Name: ledger_records; Type: TABLE; Schema: web_ledger; Owner: mydbuser
--

CREATE TABLE web_ledger.ledger_records (
    id integer NOT NULL,
    data_id integer NOT NULL,
    column_id integer NOT NULL,
    data text,
    created_at timestamp without time zone DEFAULT CURRENT_TIMESTAMP,
    updated_at timestamp without time zone,
    ledger_type_code integer NOT NULL
);


ALTER TABLE web_ledger.ledger_records OWNER TO mydbuser;

--
-- TOC entry 228 (class 1259 OID 44528)
-- Name: ledger_records_id_seq; Type: SEQUENCE; Schema: web_ledger; Owner: mydbuser
--

CREATE SEQUENCE web_ledger.ledger_records_id_seq
    AS integer
    START WITH 1
    INCREMENT BY 1
    NO MINVALUE
    NO MAXVALUE
    CACHE 1;


ALTER SEQUENCE web_ledger.ledger_records_id_seq OWNER TO mydbuser;

--
-- TOC entry 5031 (class 0 OID 0)
-- Dependencies: 228
-- Name: ledger_records_id_seq; Type: SEQUENCE OWNED BY; Schema: web_ledger; Owner: mydbuser
--

ALTER SEQUENCE web_ledger.ledger_records_id_seq OWNED BY web_ledger.ledger_records.id;


--
-- TOC entry 231 (class 1259 OID 44549)
-- Name: manuals; Type: TABLE; Schema: web_ledger; Owner: mydbuser
--

CREATE TABLE web_ledger.manuals (
    id integer NOT NULL,
    title text NOT NULL,
    content text,
    updated_by text,
    updated_at timestamp without time zone DEFAULT CURRENT_TIMESTAMP
);


ALTER TABLE web_ledger.manuals OWNER TO mydbuser;

--
-- TOC entry 230 (class 1259 OID 44548)
-- Name: manuals_id_seq; Type: SEQUENCE; Schema: web_ledger; Owner: mydbuser
--

CREATE SEQUENCE web_ledger.manuals_id_seq
    AS integer
    START WITH 1
    INCREMENT BY 1
    NO MINVALUE
    NO MAXVALUE
    CACHE 1;


ALTER SEQUENCE web_ledger.manuals_id_seq OWNER TO mydbuser;

--
-- TOC entry 5032 (class 0 OID 0)
-- Dependencies: 230
-- Name: manuals_id_seq; Type: SEQUENCE OWNED BY; Schema: web_ledger; Owner: mydbuser
--

ALTER SEQUENCE web_ledger.manuals_id_seq OWNED BY web_ledger.manuals.id;


--
-- TOC entry 243 (class 1259 OID 45027)
-- Name: master_field_definitions; Type: TABLE; Schema: web_ledger; Owner: mydbuser
--

CREATE TABLE web_ledger.master_field_definitions (
    id integer NOT NULL,
    master_id integer NOT NULL,
    field_name character varying(100) NOT NULL,
    data_type character varying(50) NOT NULL,
    max_length integer,
    display_order integer,
    is_required boolean DEFAULT true,
    input_constraints text,
    created_at timestamp without time zone DEFAULT CURRENT_TIMESTAMP,
    tag text NOT NULL
);


ALTER TABLE web_ledger.master_field_definitions OWNER TO mydbuser;

--
-- TOC entry 242 (class 1259 OID 45026)
-- Name: master_field_definitions_id_seq; Type: SEQUENCE; Schema: web_ledger; Owner: mydbuser
--

CREATE SEQUENCE web_ledger.master_field_definitions_id_seq
    AS integer
    START WITH 1
    INCREMENT BY 1
    NO MINVALUE
    NO MAXVALUE
    CACHE 1;


ALTER SEQUENCE web_ledger.master_field_definitions_id_seq OWNER TO mydbuser;

--
-- TOC entry 5033 (class 0 OID 0)
-- Dependencies: 242
-- Name: master_field_definitions_id_seq; Type: SEQUENCE OWNED BY; Schema: web_ledger; Owner: mydbuser
--

ALTER SEQUENCE web_ledger.master_field_definitions_id_seq OWNED BY web_ledger.master_field_definitions.id;


--
-- TOC entry 239 (class 1259 OID 44927)
-- Name: master_types; Type: TABLE; Schema: web_ledger; Owner: mydbuser
--

CREATE TABLE web_ledger.master_types (
    id integer NOT NULL,
    master_type character varying(100) NOT NULL,
    description text,
    created_at timestamp without time zone DEFAULT CURRENT_TIMESTAMP,
    display_order integer NOT NULL
);


ALTER TABLE web_ledger.master_types OWNER TO mydbuser;

--
-- TOC entry 238 (class 1259 OID 44926)
-- Name: master_types_id_seq; Type: SEQUENCE; Schema: web_ledger; Owner: mydbuser
--

CREATE SEQUENCE web_ledger.master_types_id_seq
    AS integer
    START WITH 1
    INCREMENT BY 1
    NO MINVALUE
    NO MAXVALUE
    CACHE 1;


ALTER SEQUENCE web_ledger.master_types_id_seq OWNER TO mydbuser;

--
-- TOC entry 5034 (class 0 OID 0)
-- Dependencies: 238
-- Name: master_types_id_seq; Type: SEQUENCE OWNED BY; Schema: web_ledger; Owner: mydbuser
--

ALTER SEQUENCE web_ledger.master_types_id_seq OWNED BY web_ledger.master_types.id;


--
-- TOC entry 221 (class 1259 OID 44476)
-- Name: role_master; Type: TABLE; Schema: web_ledger; Owner: mydbuser
--

CREATE TABLE web_ledger.role_master (
    id integer NOT NULL,
    role_name text NOT NULL
);


ALTER TABLE web_ledger.role_master OWNER TO mydbuser;

--
-- TOC entry 220 (class 1259 OID 44475)
-- Name: role_master_id_seq; Type: SEQUENCE; Schema: web_ledger; Owner: mydbuser
--

CREATE SEQUENCE web_ledger.role_master_id_seq
    AS integer
    START WITH 1
    INCREMENT BY 1
    NO MINVALUE
    NO MAXVALUE
    CACHE 1;


ALTER SEQUENCE web_ledger.role_master_id_seq OWNER TO mydbuser;

--
-- TOC entry 5035 (class 0 OID 0)
-- Dependencies: 220
-- Name: role_master_id_seq; Type: SEQUENCE OWNED BY; Schema: web_ledger; Owner: mydbuser
--

ALTER SEQUENCE web_ledger.role_master_id_seq OWNED BY web_ledger.role_master.id;


--
-- TOC entry 241 (class 1259 OID 44957)
-- Name: unified_master_records; Type: TABLE; Schema: web_ledger; Owner: mydbuser
--

CREATE TABLE web_ledger.unified_master_records (
    id integer NOT NULL,
    master_id integer NOT NULL,
    record_data jsonb NOT NULL,
    created_at timestamp without time zone DEFAULT CURRENT_TIMESTAMP,
    updated_at timestamp without time zone DEFAULT CURRENT_TIMESTAMP
);


ALTER TABLE web_ledger.unified_master_records OWNER TO mydbuser;

--
-- TOC entry 240 (class 1259 OID 44956)
-- Name: unified_master_records_id_seq; Type: SEQUENCE; Schema: web_ledger; Owner: mydbuser
--

CREATE SEQUENCE web_ledger.unified_master_records_id_seq
    AS integer
    START WITH 1
    INCREMENT BY 1
    NO MINVALUE
    NO MAXVALUE
    CACHE 1;


ALTER SEQUENCE web_ledger.unified_master_records_id_seq OWNER TO mydbuser;

--
-- TOC entry 5036 (class 0 OID 0)
-- Dependencies: 240
-- Name: unified_master_records_id_seq; Type: SEQUENCE OWNED BY; Schema: web_ledger; Owner: mydbuser
--

ALTER SEQUENCE web_ledger.unified_master_records_id_seq OWNED BY web_ledger.unified_master_records.id;


--
-- TOC entry 223 (class 1259 OID 44487)
-- Name: users; Type: TABLE; Schema: web_ledger; Owner: mydbuser
--

CREATE TABLE web_ledger.users (
    id integer NOT NULL,
    username text NOT NULL,
    password text NOT NULL,
    role_id integer NOT NULL
);


ALTER TABLE web_ledger.users OWNER TO mydbuser;

--
-- TOC entry 222 (class 1259 OID 44486)
-- Name: users_id_seq; Type: SEQUENCE; Schema: web_ledger; Owner: mydbuser
--

CREATE SEQUENCE web_ledger.users_id_seq
    AS integer
    START WITH 1
    INCREMENT BY 1
    NO MINVALUE
    NO MAXVALUE
    CACHE 1;


ALTER SEQUENCE web_ledger.users_id_seq OWNER TO mydbuser;

--
-- TOC entry 5037 (class 0 OID 0)
-- Dependencies: 222
-- Name: users_id_seq; Type: SEQUENCE OWNED BY; Schema: web_ledger; Owner: mydbuser
--

ALTER SEQUENCE web_ledger.users_id_seq OWNED BY web_ledger.users.id;


--
-- TOC entry 233 (class 1259 OID 44559)
-- Name: version_history; Type: TABLE; Schema: web_ledger; Owner: mydbuser
--

CREATE TABLE web_ledger.version_history (
    id integer NOT NULL,
    version text NOT NULL,
    sprint text NOT NULL,
    update_info text,
    "timestamp" timestamp without time zone DEFAULT CURRENT_TIMESTAMP
);


ALTER TABLE web_ledger.version_history OWNER TO mydbuser;

--
-- TOC entry 232 (class 1259 OID 44558)
-- Name: version_history_id_seq; Type: SEQUENCE; Schema: web_ledger; Owner: mydbuser
--

CREATE SEQUENCE web_ledger.version_history_id_seq
    AS integer
    START WITH 1
    INCREMENT BY 1
    NO MINVALUE
    NO MAXVALUE
    CACHE 1;


ALTER SEQUENCE web_ledger.version_history_id_seq OWNER TO mydbuser;

--
-- TOC entry 5038 (class 0 OID 0)
-- Dependencies: 232
-- Name: version_history_id_seq; Type: SEQUENCE OWNED BY; Schema: web_ledger; Owner: mydbuser
--

ALTER SEQUENCE web_ledger.version_history_id_seq OWNED BY web_ledger.version_history.id;


--
-- TOC entry 4798 (class 2604 OID 44582)
-- Name: audit_logs id; Type: DEFAULT; Schema: web_ledger; Owner: mydbuser
--

ALTER TABLE ONLY web_ledger.audit_logs ALTER COLUMN id SET DEFAULT nextval('web_ledger.audit_logs_id_seq'::regclass);


--
-- TOC entry 4790 (class 2604 OID 44517)
-- Name: ledger_column_master id; Type: DEFAULT; Schema: web_ledger; Owner: mydbuser
--

ALTER TABLE ONLY web_ledger.ledger_column_master ALTER COLUMN id SET DEFAULT nextval('web_ledger.ledger_column_master_id_seq'::regclass);


--
-- TOC entry 4800 (class 2604 OID 44622)
-- Name: ledger_history id; Type: DEFAULT; Schema: web_ledger; Owner: mydbuser
--

ALTER TABLE ONLY web_ledger.ledger_history ALTER COLUMN id SET DEFAULT nextval('web_ledger.ledger_history_id_seq'::regclass);


--
-- TOC entry 4789 (class 2604 OID 44506)
-- Name: ledger_master id; Type: DEFAULT; Schema: web_ledger; Owner: mydbuser
--

ALTER TABLE ONLY web_ledger.ledger_master ALTER COLUMN id SET DEFAULT nextval('web_ledger.ledger_master_id_seq'::regclass);


--
-- TOC entry 4792 (class 2604 OID 44532)
-- Name: ledger_records id; Type: DEFAULT; Schema: web_ledger; Owner: mydbuser
--

ALTER TABLE ONLY web_ledger.ledger_records ALTER COLUMN id SET DEFAULT nextval('web_ledger.ledger_records_id_seq'::regclass);


--
-- TOC entry 4794 (class 2604 OID 44552)
-- Name: manuals id; Type: DEFAULT; Schema: web_ledger; Owner: mydbuser
--

ALTER TABLE ONLY web_ledger.manuals ALTER COLUMN id SET DEFAULT nextval('web_ledger.manuals_id_seq'::regclass);


--
-- TOC entry 4807 (class 2604 OID 45030)
-- Name: master_field_definitions id; Type: DEFAULT; Schema: web_ledger; Owner: mydbuser
--

ALTER TABLE ONLY web_ledger.master_field_definitions ALTER COLUMN id SET DEFAULT nextval('web_ledger.master_field_definitions_id_seq'::regclass);


--
-- TOC entry 4802 (class 2604 OID 44930)
-- Name: master_types id; Type: DEFAULT; Schema: web_ledger; Owner: mydbuser
--

ALTER TABLE ONLY web_ledger.master_types ALTER COLUMN id SET DEFAULT nextval('web_ledger.master_types_id_seq'::regclass);


--
-- TOC entry 4787 (class 2604 OID 44479)
-- Name: role_master id; Type: DEFAULT; Schema: web_ledger; Owner: mydbuser
--

ALTER TABLE ONLY web_ledger.role_master ALTER COLUMN id SET DEFAULT nextval('web_ledger.role_master_id_seq'::regclass);


--
-- TOC entry 4804 (class 2604 OID 44960)
-- Name: unified_master_records id; Type: DEFAULT; Schema: web_ledger; Owner: mydbuser
--

ALTER TABLE ONLY web_ledger.unified_master_records ALTER COLUMN id SET DEFAULT nextval('web_ledger.unified_master_records_id_seq'::regclass);


--
-- TOC entry 4788 (class 2604 OID 44490)
-- Name: users id; Type: DEFAULT; Schema: web_ledger; Owner: mydbuser
--

ALTER TABLE ONLY web_ledger.users ALTER COLUMN id SET DEFAULT nextval('web_ledger.users_id_seq'::regclass);


--
-- TOC entry 4796 (class 2604 OID 44562)
-- Name: version_history id; Type: DEFAULT; Schema: web_ledger; Owner: mydbuser
--

ALTER TABLE ONLY web_ledger.version_history ALTER COLUMN id SET DEFAULT nextval('web_ledger.version_history_id_seq'::regclass);


--
-- TOC entry 5013 (class 0 OID 44579)
-- Dependencies: 235
-- Data for Name: audit_logs; Type: TABLE DATA; Schema: web_ledger; Owner: mydbuser
--

COPY web_ledger.audit_logs (id, action, details, "timestamp") FROM stdin;
1	Update Ledger	Ledger ID 1 の 予算額 を 100000 から 200000 に更新	2025-03-06 01:09:59
2	Update Ledger	Ledger ID 2 の 振替部門 を 部門B から 部門C に更新	2025-03-06 01:16:29
3	Update Ledger	Ledger ID 3 の 予算額 を 100000 から 100009 に更新	2025-03-07 14:58:30
4	Update Ledger	Ledger ID 4 の 予算額 を 100000 から 100050 に更新	2025-03-07 21:27:10
5	Update Ledger	Ledger ID 2 の 予算額 を 100000 から 100400 に更新	2025-03-08 14:32:01
6	Update Ledger	Ledger ID 2 の 予算額 を 100400 から 100440 に更新	2025-03-08 14:33:11
7	Update Ledger	Ledger ID 7 の 予算額 を 100000 から 100700 に更新	2025-03-08 23:09:23
8	Update Ledger	Ledger ID 2 の 予算名称 を 予算名B から 予算名A に更新	2025-03-08 23:31:35
9	Update Ledger	Ledger ID 2 の 予算額 を 100440 から 100000 に更新	2025-03-08 23:31:35
10	Update Ledger	Ledger ID 2 の 振替部門 を 部門C から 部門B に更新	2025-03-08 23:31:35
11	Update Ledger	Ledger ID 1 の 予算額 を 200000 から 108000 に更新	2025-03-08 23:37:15
12	Update Ledger	Ledger ID 1 の 予算額 を 108000 から 108800 に更新	2025-03-08 23:42:14
13	Update Ledger	Ledger ID 1 の 予算額 を 108800 から 100000 に更新	2025-03-08 23:59:02
14	Update Ledger	Ledger ID 3 の 稼働開始日 を 2023-01-01 から 2023-01-17 に更新	2025-03-09 14:24:56
15	Update Ledger	Ledger ID 3 の 稼働開始日 を 2023-01-17 から 2023-01-18 に更新	2025-03-09 14:25:32
16	Update Ledger	Ledger ID 10 の 稼働開始日 を 2023-01-01 から 2023-01-24 に更新	2025-03-09 14:35:07
17	Update Ledger	Ledger ID 2 の 7 行目の 発注日 を 2023-10-15 から 2024-01-15 に更新	2025-03-09 16:39:00
18	Update Ledger	Ledger ID 1 の 16 行目の 予算額 を 100000 から 99999999999999 に更新	2025-03-13 02:30:17
19	Update Ledger	Ledger ID 1 の 16 行目の 予算額 を 99999999999999 から 99999899999999 に更新	2025-03-14 00:37:47
20	Update Ledger	Ledger ID 1 の 5 行目の 予算額 を 100000 から 108000 に更新	2025-03-14 00:38:21
\.


--
-- TOC entry 5005 (class 0 OID 44514)
-- Dependencies: 227
-- Data for Name: ledger_column_master; Type: TABLE DATA; Schema: web_ledger; Owner: mydbuser
--

COPY web_ledger.ledger_column_master (id, ledger_master_id, column_name, data_type, max_length, display_order, is_filterable) FROM stdin;
1	1	ID	number	200	101	f
2	1	テーマ名	text	200	102	t
3	1	年度	number	200	103	t
4	1	予算種別	text	200	104	t
5	1	予算番号	text	200	105	t
6	1	予算名称	text	200	106	t
7	1	予算額	number	200	107	t
8	1	利用部門	text	200	108	t
9	1	振替部門	text	200	110	t
10	1	dummy1	text	200	151	f
11	1	dummy2	text	200	152	f
12	1	dummy3	text	200	153	f
13	1	dummy4	text	200	154	f
14	1	dummy5	text	200	155	f
15	1	dummy6	text	200	156	f
16	1	dummy7	text	200	157	f
17	1	dummy8	text	200	158	f
18	1	dummy9	text	200	159	f
19	1	dummy10	text	200	160	f
20	1	dummy11	text	200	161	f
21	1	dummy12	text	200	162	f
22	1	dummy13	text	200	163	f
23	1	dummy14	text	200	164	f
24	1	dummy15	text	200	165	f
25	1	dummy16	text	200	166	f
26	1	dummy17	text	200	167	f
27	1	dummy18	text	200	168	f
28	1	dummy19	text	200	169	f
29	1	dummy20	text	200	170	f
30	2	ID	number	200	101	f
31	2	年度	text	200	102	t
32	2	予算種別	number	200	103	t
33	2	予算番号	text	200	104	t
34	2	予算名称	text	200	105	t
35	2	予算額	number	200	106	t
36	2	利用部門	text	200	107	t
37	2	振替部門	text	200	108	t
38	2	発注部門	text	200	109	t
39	2	発注担当者	text	200	110	t
40	2	発注日	date	200	111	t
41	2	検収担当者	text	200	112	t
42	2	検収完了日	date	200	113	t
43	2	dummy1	text	200	151	f
44	2	dummy2	text	200	152	f
45	2	dummy3	text	200	153	f
46	2	dummy4	text	200	154	f
47	2	dummy5	text	200	155	f
48	2	dummy6	text	200	156	f
49	2	dummy7	text	200	157	f
50	2	dummy8	text	200	158	f
51	2	dummy9	text	200	159	f
52	2	dummy10	text	200	160	f
53	2	dummy11	text	200	161	f
54	2	dummy12	text	200	162	f
55	2	dummy13	text	200	163	f
56	2	dummy14	text	200	164	f
57	2	dummy15	text	200	165	f
58	2	dummy16	text	200	166	f
59	2	dummy17	text	200	167	f
60	2	dummy18	text	200	168	f
61	2	dummy19	text	200	169	f
62	2	dummy20	text	200	170	f
63	3	ID	number	200	101	f
64	3	管理部門	text	200	102	t
65	3	システムコード	text	200	103	t
66	3	システム標準名称	text	200	104	t
67	3	システム名	text	200	105	t
68	3	ホスト名	text	200	106	t
69	3	OSバージョン	text	200	107	t
70	3	稼働開始日	date	200	108	t
71	3	最終パッチ適用日	date	200	109	t
72	3	パッチ適用推進状況	text	200	110	t
73	3	稼働終了予定	date	200	111	t
74	3	移管状況	text	200	112	t
75	3	次回パッチ適用予定	date	200	113	t
76	3	次期サーバーリプレイス予定	date	200	114	t
77	3	次期サーバーバージョン	text	200	115	t
78	3	リプレイス推進状況	text	200	116	t
79	3	システム利用ユーザー部門	text	200	117	t
80	3	費用負担部門	text	200	118	t
81	3	予算コード	text	200	119	t
82	3	予算名称	text	200	120	t
83	3	予算額	number	200	121	t
84	3	振替部門	text	200	122	t
85	3	dummy1	text	200	151	f
86	3	dummy2	text	200	152	f
87	3	dummy3	text	200	153	f
88	3	dummy4	text	200	154	f
89	3	dummy5	text	200	155	f
90	3	dummy6	text	200	156	f
91	3	dummy7	text	200	157	f
92	3	dummy8	text	200	158	f
93	3	dummy9	text	200	159	f
94	3	dummy10	text	200	160	f
95	3	dummy11	text	200	161	f
96	3	dummy12	text	200	162	f
97	3	dummy13	text	200	163	f
98	3	dummy14	text	200	164	f
99	3	dummy15	text	200	165	f
100	3	dummy16	text	200	166	f
101	3	dummy17	text	200	167	f
102	3	dummy18	text	200	168	f
103	3	dummy19	text	200	169	f
104	3	dummy20	text	200	170	f
\.


--
-- TOC entry 5015 (class 0 OID 44619)
-- Dependencies: 237
-- Data for Name: ledger_history; Type: TABLE DATA; Schema: web_ledger; Owner: mydbuser
--

COPY web_ledger.ledger_history (id, ledger_type_id, ledger_type, update_row, updated_by, update_time, update_details) FROM stdin;
1	1	予算管理台帳	1	admin	2025-03-05 16:09:59	予算額 を 100000 から 200000 に更新
2	1	予算管理台帳	2	admin	2025-03-05 16:16:29	振替部門 を 部門B から 部門C に更新
3	1	予算管理台帳	1	admin	2025-03-07 05:58:30	予算額 を 100000 から 100009 に更新
4	1	予算管理台帳	1	admin	2025-03-07 12:27:10	予算額 を 100000 から 100050 に更新
5	1	予算管理台帳	1	admin	2025-03-08 05:32:01	予算額 を 100000 から 100400 に更新
6	1	予算管理台帳	1	admin	2025-03-08 05:33:11	予算額 を 100400 から 100440 に更新
7	1	予算管理台帳	1	admin	2025-03-08 23:09:23.16745	予算額 を 100000 から 100700 に更新
8	1	予算管理台帳	1	admin	2025-03-08 23:31:35.194095	予算名称 を 予算名B から 予算名A に更新
9	1	予算管理台帳	1	admin	2025-03-08 23:31:35.194095	予算額 を 100440 から 100000 に更新
10	1	予算管理台帳	1	admin	2025-03-08 23:31:35.194095	振替部門 を 部門C から 部門B に更新
11	1	予算管理台帳	1	admin	2025-03-08 23:37:15.477183	予算額 を 200000 から 108000 に更新
12	1	予算管理台帳	1	admin	2025-03-08 23:42:14.528142	予算額 を 108000 から 108800 に更新
13	1	予算管理台帳	1	admin	2025-03-08 23:59:02.698918	予算額 を 108800 から 100000 に更新
14	3	サーバー管理台帳	3	admin	2025-03-09 14:24:56.83402	稼働開始日 を 2023-01-01 から 2023-01-17 に更新
15	3	サーバー管理台帳	3	admin	2025-03-09 14:25:32.765348	稼働開始日 を 2023-01-17 から 2023-01-18 に更新
16	3	サーバー管理台帳	10	admin	2025-03-09 14:35:07.212046	稼働開始日 を 2023-01-01 から 2023-01-24 に更新
17	2	発注管理台帳	7	admin	2025-03-09 16:39:00.23291	発注日 を 2023-10-15 から 2024-01-15 に更新
18	1	予算管理台帳	16	admin	2025-03-13 02:30:17.550529	予算額 を 100000 から 99999999999999 に更新
19	1	予算管理台帳	16	admin	2025-03-14 00:37:47.117738	予算額 を 99999999999999 から 99999899999999 に更新
20	1	予算管理台帳	5	admin	2025-03-14 00:38:21.188586	予算額 を 100000 から 108000 に更新
\.


--
-- TOC entry 5003 (class 0 OID 44503)
-- Dependencies: 225
-- Data for Name: ledger_master; Type: TABLE DATA; Schema: web_ledger; Owner: mydbuser
--

COPY web_ledger.ledger_master (id, ledger_name) FROM stdin;
1	予算管理台帳
2	発注管理台帳
3	サーバー管理台帳
\.


--
-- TOC entry 5007 (class 0 OID 44529)
-- Dependencies: 229
-- Data for Name: ledger_records; Type: TABLE DATA; Schema: web_ledger; Owner: mydbuser
--

COPY web_ledger.ledger_records (id, data_id, column_id, data, created_at, updated_at, ledger_type_code) FROM stdin;
1	1	1	1	2025-03-05 14:32:48	2025-03-22 00:21:27.423314	1
2	1	2	テーマA	2025-03-05 14:32:48	2025-03-22 00:21:27.423314	1
786	3	53	ダミー11	2025-03-05 14:32:48	2025-03-22 00:21:27.423314	2
787	3	54	ダミー12	2025-03-05 14:32:48	2025-03-22 00:21:27.423314	2
788	3	55	ダミー13	2025-03-05 14:32:48	2025-03-22 00:21:27.423314	2
789	3	56	ダミー14	2025-03-05 14:32:48	2025-03-22 00:21:27.423314	2
790	3	57	ダミー15	2025-03-05 14:32:48	2025-03-22 00:21:27.423314	2
791	3	58	ダミー16	2025-03-05 14:32:48	2025-03-22 00:21:27.423314	2
792	3	59	ダミー17	2025-03-05 14:32:48	2025-03-22 00:21:27.423314	2
793	3	60	ダミー18	2025-03-05 14:32:48	2025-03-22 00:21:27.423314	2
794	3	61	ダミー19	2025-03-05 14:32:48	2025-03-22 00:21:27.423314	2
795	3	62	ダミー20	2025-03-05 14:32:48	2025-03-22 00:21:27.423314	2
796	4	30	4	2025-03-05 14:32:48	2025-03-22 00:21:27.423314	2
797	4	31	2023	2025-03-05 14:32:48	2025-03-22 00:21:27.423314	2
798	4	32	種別A	2025-03-05 14:32:48	2025-03-22 00:21:27.423314	2
799	4	33	B001	2025-03-05 14:32:48	2025-03-22 00:21:27.423314	2
800	4	34	予算名D	2025-03-05 14:32:48	2025-03-22 00:21:27.423314	2
801	4	35	100000	2025-03-05 14:32:48	2025-03-22 00:21:27.423314	2
802	4	36	部門A	2025-03-05 14:32:48	2025-03-22 00:21:27.423314	2
803	4	37	部門B	2025-03-05 14:32:48	2025-03-22 00:21:27.423314	2
804	4	38	部門A	2025-03-05 14:32:48	2025-03-22 00:21:27.423314	2
805	4	39	担当者A	2025-03-05 14:32:48	2025-03-22 00:21:27.423314	2
806	4	40	2023-10-15	2025-03-05 14:32:48	2025-03-22 00:21:27.423314	2
807	4	41	担当者B	2025-03-05 14:32:48	2025-03-22 00:21:27.423314	2
808	4	42	2023-11-22	2025-03-05 14:32:48	2025-03-22 00:21:27.423314	2
809	4	43	ダミー1	2025-03-05 14:32:48	2025-03-22 00:21:27.423314	2
810	4	44	ダミー2	2025-03-05 14:32:48	2025-03-22 00:21:27.423314	2
811	4	45	ダミー3	2025-03-05 14:32:48	2025-03-22 00:21:27.423314	2
812	4	46	ダミー4	2025-03-05 14:32:48	2025-03-22 00:21:27.423314	2
813	4	47	ダミー5	2025-03-05 14:32:48	2025-03-22 00:21:27.423314	2
814	4	48	ダミー6	2025-03-05 14:32:48	2025-03-22 00:21:27.423314	2
815	4	49	ダミー7	2025-03-05 14:32:48	2025-03-22 00:21:27.423314	2
816	4	50	ダミー8	2025-03-05 14:32:48	2025-03-22 00:21:27.423314	2
817	4	51	ダミー9	2025-03-05 14:32:48	2025-03-22 00:21:27.423314	2
818	4	52	ダミー10	2025-03-05 14:32:48	2025-03-22 00:21:27.423314	2
819	4	53	ダミー11	2025-03-05 14:32:48	2025-03-22 00:21:27.423314	2
820	4	54	ダミー12	2025-03-05 14:32:48	2025-03-22 00:21:27.423314	2
821	4	55	ダミー13	2025-03-05 14:32:48	2025-03-22 00:21:27.423314	2
822	4	56	ダミー14	2025-03-05 14:32:48	2025-03-22 00:21:27.423314	2
823	4	57	ダミー15	2025-03-05 14:32:48	2025-03-22 00:21:27.423314	2
824	4	58	ダミー16	2025-03-05 14:32:48	2025-03-22 00:21:27.423314	2
825	4	59	ダミー17	2025-03-05 14:32:48	2025-03-22 00:21:27.423314	2
826	4	60	ダミー18	2025-03-05 14:32:48	2025-03-22 00:21:27.423314	2
827	4	61	ダミー19	2025-03-05 14:32:48	2025-03-22 00:21:27.423314	2
828	4	62	ダミー20	2025-03-05 14:32:48	2025-03-22 00:21:27.423314	2
829	5	30	5	2025-03-05 14:32:48	2025-03-22 00:21:27.423314	2
830	5	31	2023	2025-03-05 14:32:48	2025-03-22 00:21:27.423314	2
832	5	33	B002	2025-03-05 14:32:48	2025-03-22 00:21:27.423314	2
833	5	34	予算名A	2025-03-05 14:32:48	2025-03-22 00:21:27.423314	2
834	5	35	100000	2025-03-05 14:32:48	2025-03-22 00:21:27.423314	2
835	5	36	部門A	2025-03-05 14:32:48	2025-03-22 00:21:27.423314	2
836	5	37	部門B	2025-03-05 14:32:48	2025-03-22 00:21:27.423314	2
837	5	38	部門A	2025-03-05 14:32:48	2025-03-22 00:21:27.423314	2
838	5	39	担当者A	2025-03-05 14:32:48	2025-03-22 00:21:27.423314	2
839	5	40	2023-10-15	2025-03-05 14:32:48	2025-03-22 00:21:27.423314	2
840	5	41	担当者B	2025-03-05 14:32:48	2025-03-22 00:21:27.423314	2
841	5	42	2023-11-22	2025-03-05 14:32:48	2025-03-22 00:21:27.423314	2
842	5	43	ダミー1	2025-03-05 14:32:48	2025-03-22 00:21:27.423314	2
843	5	44	ダミー2	2025-03-05 14:32:48	2025-03-22 00:21:27.423314	2
844	5	45	ダミー3	2025-03-05 14:32:48	2025-03-22 00:21:27.423314	2
845	5	46	ダミー4	2025-03-05 14:32:48	2025-03-22 00:21:27.423314	2
846	5	47	ダミー5	2025-03-05 14:32:48	2025-03-22 00:21:27.423314	2
847	5	48	ダミー6	2025-03-05 14:32:48	2025-03-22 00:21:27.423314	2
848	5	49	ダミー7	2025-03-05 14:32:48	2025-03-22 00:21:27.423314	2
849	5	50	ダミー8	2025-03-05 14:32:48	2025-03-22 00:21:27.423314	2
850	5	51	ダミー9	2025-03-05 14:32:48	2025-03-22 00:21:27.423314	2
851	5	52	ダミー10	2025-03-05 14:32:48	2025-03-22 00:21:27.423314	2
852	5	53	ダミー11	2025-03-05 14:32:48	2025-03-22 00:21:27.423314	2
853	5	54	ダミー12	2025-03-05 14:32:48	2025-03-22 00:21:27.423314	2
854	5	55	ダミー13	2025-03-05 14:32:48	2025-03-22 00:21:27.423314	2
855	5	56	ダミー14	2025-03-05 14:32:48	2025-03-22 00:21:27.423314	2
856	5	57	ダミー15	2025-03-05 14:32:48	2025-03-22 00:21:27.423314	2
857	5	58	ダミー16	2025-03-05 14:32:48	2025-03-22 00:21:27.423314	2
858	5	59	ダミー17	2025-03-05 14:32:48	2025-03-22 00:21:27.423314	2
859	5	60	ダミー18	2025-03-05 14:32:48	2025-03-22 00:21:27.423314	2
860	5	61	ダミー19	2025-03-05 14:32:48	2025-03-22 00:21:27.423314	2
861	5	62	ダミー20	2025-03-05 14:32:48	2025-03-22 00:21:27.423314	2
862	6	30	6	2025-03-05 14:32:48	2025-03-22 00:21:27.423314	2
863	6	31	2023	2025-03-05 14:32:48	2025-03-22 00:21:27.423314	2
865	6	33	B002	2025-03-05 14:32:48	2025-03-22 00:21:27.423314	2
866	6	34	予算名B	2025-03-05 14:32:48	2025-03-22 00:21:27.423314	2
867	6	35	100000	2025-03-05 14:32:48	2025-03-22 00:21:27.423314	2
868	6	36	部門A	2025-03-05 14:32:48	2025-03-22 00:21:27.423314	2
869	6	37	部門B	2025-03-05 14:32:48	2025-03-22 00:21:27.423314	2
870	6	38	部門A	2025-03-05 14:32:48	2025-03-22 00:21:27.423314	2
871	6	39	担当者A	2025-03-05 14:32:48	2025-03-22 00:21:27.423314	2
872	6	40	2023-10-15	2025-03-05 14:32:48	2025-03-22 00:21:27.423314	2
873	6	41	担当者B	2025-03-05 14:32:48	2025-03-22 00:21:27.423314	2
874	6	42	2023-11-22	2025-03-05 14:32:48	2025-03-22 00:21:27.423314	2
875	6	43	ダミー1	2025-03-05 14:32:48	2025-03-22 00:21:27.423314	2
876	6	44	ダミー2	2025-03-05 14:32:48	2025-03-22 00:21:27.423314	2
54	2	25	ダミー16	2025-03-05 14:32:48	2025-03-22 00:21:27.423314	1
877	6	45	ダミー3	2025-03-05 14:32:48	2025-03-22 00:21:27.423314	2
55	2	26	ダミー17	2025-03-05 14:32:48	2025-03-22 00:21:27.423314	1
878	6	46	ダミー4	2025-03-05 14:32:48	2025-03-22 00:21:27.423314	2
879	6	47	ダミー5	2025-03-05 14:32:48	2025-03-22 00:21:27.423314	2
880	6	48	ダミー6	2025-03-05 14:32:48	2025-03-22 00:21:27.423314	2
881	6	49	ダミー7	2025-03-05 14:32:48	2025-03-22 00:21:27.423314	2
882	6	50	ダミー8	2025-03-05 14:32:48	2025-03-22 00:21:27.423314	2
883	6	51	ダミー9	2025-03-05 14:32:48	2025-03-22 00:21:27.423314	2
884	6	52	ダミー10	2025-03-05 14:32:48	2025-03-22 00:21:27.423314	2
885	6	53	ダミー11	2025-03-05 14:32:48	2025-03-22 00:21:27.423314	2
886	6	54	ダミー12	2025-03-05 14:32:48	2025-03-22 00:21:27.423314	2
887	6	55	ダミー13	2025-03-05 14:32:48	2025-03-22 00:21:27.423314	2
888	6	56	ダミー14	2025-03-05 14:32:48	2025-03-22 00:21:27.423314	2
889	6	57	ダミー15	2025-03-05 14:32:48	2025-03-22 00:21:27.423314	2
890	6	58	ダミー16	2025-03-05 14:32:48	2025-03-22 00:21:27.423314	2
891	6	59	ダミー17	2025-03-05 14:32:48	2025-03-22 00:21:27.423314	2
892	6	60	ダミー18	2025-03-05 14:32:48	2025-03-22 00:21:27.423314	2
893	6	61	ダミー19	2025-03-05 14:32:48	2025-03-22 00:21:27.423314	2
894	6	62	ダミー20	2025-03-05 14:32:48	2025-03-22 00:21:27.423314	2
895	7	30	7	2025-03-05 14:32:48	2025-03-22 00:21:27.423314	2
896	7	31	2023	2025-03-05 14:32:48	2025-03-22 00:21:27.423314	2
897	7	32	種別B	2025-03-05 14:32:48	2025-03-22 00:21:27.423314	2
898	7	33	B002	2025-03-05 14:32:48	2025-03-22 00:21:27.423314	2
899	7	34	予算名C	2025-03-05 14:32:48	2025-03-22 00:21:27.423314	2
900	7	35	100000	2025-03-05 14:32:48	2025-03-22 00:21:27.423314	2
901	7	36	部門A	2025-03-05 14:32:48	2025-03-22 00:21:27.423314	2
902	7	37	部門B	2025-03-05 14:32:48	2025-03-22 00:21:27.423314	2
903	7	38	部門A	2025-03-05 14:32:48	2025-03-22 00:21:27.423314	2
904	7	39	担当者A	2025-03-05 14:32:48	2025-03-22 00:21:27.423314	2
906	7	41	担当者B	2025-03-05 14:32:48	2025-03-22 00:21:27.423314	2
907	7	42	2023-11-22	2025-03-05 14:32:48	2025-03-22 00:21:27.423314	2
908	7	43	ダミー1	2025-03-05 14:32:48	2025-03-22 00:21:27.423314	2
909	7	44	ダミー2	2025-03-05 14:32:48	2025-03-22 00:21:27.423314	2
910	7	45	ダミー3	2025-03-05 14:32:48	2025-03-22 00:21:27.423314	2
911	7	46	ダミー4	2025-03-05 14:32:48	2025-03-22 00:21:27.423314	2
912	7	47	ダミー5	2025-03-05 14:32:48	2025-03-22 00:21:27.423314	2
913	7	48	ダミー6	2025-03-05 14:32:48	2025-03-22 00:21:27.423314	2
914	7	49	ダミー7	2025-03-05 14:32:48	2025-03-22 00:21:27.423314	2
915	7	50	ダミー8	2025-03-05 14:32:48	2025-03-22 00:21:27.423314	2
916	7	51	ダミー9	2025-03-05 14:32:48	2025-03-22 00:21:27.423314	2
917	7	52	ダミー10	2025-03-05 14:32:48	2025-03-22 00:21:27.423314	2
918	7	53	ダミー11	2025-03-05 14:32:48	2025-03-22 00:21:27.423314	2
919	7	54	ダミー12	2025-03-05 14:32:48	2025-03-22 00:21:27.423314	2
920	7	55	ダミー13	2025-03-05 14:32:48	2025-03-22 00:21:27.423314	2
921	7	56	ダミー14	2025-03-05 14:32:48	2025-03-22 00:21:27.423314	2
922	7	57	ダミー15	2025-03-05 14:32:48	2025-03-22 00:21:27.423314	2
923	7	58	ダミー16	2025-03-05 14:32:48	2025-03-22 00:21:27.423314	2
924	7	59	ダミー17	2025-03-05 14:32:48	2025-03-22 00:21:27.423314	2
925	7	60	ダミー18	2025-03-05 14:32:48	2025-03-22 00:21:27.423314	2
926	7	61	ダミー19	2025-03-05 14:32:48	2025-03-22 00:21:27.423314	2
927	7	62	ダミー20	2025-03-05 14:32:48	2025-03-22 00:21:27.423314	2
928	8	30	8	2025-03-05 14:32:48	2025-03-22 00:21:27.423314	2
929	8	31	2023	2025-03-05 14:32:48	2025-03-22 00:21:27.423314	2
930	8	32	種別B	2025-03-05 14:32:48	2025-03-22 00:21:27.423314	2
931	8	33	B002	2025-03-05 14:32:48	2025-03-22 00:21:27.423314	2
932	8	34	予算名D	2025-03-05 14:32:48	2025-03-22 00:21:27.423314	2
933	8	35	100000	2025-03-05 14:32:48	2025-03-22 00:21:27.423314	2
934	8	36	部門A	2025-03-05 14:32:48	2025-03-22 00:21:27.423314	2
935	8	37	部門B	2025-03-05 14:32:48	2025-03-22 00:21:27.423314	2
936	8	38	部門A	2025-03-05 14:32:48	2025-03-22 00:21:27.423314	2
937	8	39	担当者A	2025-03-05 14:32:48	2025-03-22 00:21:27.423314	2
938	8	40	2023-10-15	2025-03-05 14:32:48	2025-03-22 00:21:27.423314	2
939	8	41	担当者B	2025-03-05 14:32:48	2025-03-22 00:21:27.423314	2
940	8	42	2023-11-22	2025-03-05 14:32:48	2025-03-22 00:21:27.423314	2
941	8	43	ダミー1	2025-03-05 14:32:48	2025-03-22 00:21:27.423314	2
942	8	44	ダミー2	2025-03-05 14:32:48	2025-03-22 00:21:27.423314	2
943	8	45	ダミー3	2025-03-05 14:32:48	2025-03-22 00:21:27.423314	2
944	8	46	ダミー4	2025-03-05 14:32:48	2025-03-22 00:21:27.423314	2
945	8	47	ダミー5	2025-03-05 14:32:48	2025-03-22 00:21:27.423314	2
946	8	48	ダミー6	2025-03-05 14:32:48	2025-03-22 00:21:27.423314	2
947	8	49	ダミー7	2025-03-05 14:32:48	2025-03-22 00:21:27.423314	2
948	8	50	ダミー8	2025-03-05 14:32:48	2025-03-22 00:21:27.423314	2
949	8	51	ダミー9	2025-03-05 14:32:48	2025-03-22 00:21:27.423314	2
950	8	52	ダミー10	2025-03-05 14:32:48	2025-03-22 00:21:27.423314	2
951	8	53	ダミー11	2025-03-05 14:32:48	2025-03-22 00:21:27.423314	2
952	8	54	ダミー12	2025-03-05 14:32:48	2025-03-22 00:21:27.423314	2
953	8	55	ダミー13	2025-03-05 14:32:48	2025-03-22 00:21:27.423314	2
954	8	56	ダミー14	2025-03-05 14:32:48	2025-03-22 00:21:27.423314	2
955	8	57	ダミー15	2025-03-05 14:32:48	2025-03-22 00:21:27.423314	2
956	8	58	ダミー16	2025-03-05 14:32:48	2025-03-22 00:21:27.423314	2
957	8	59	ダミー17	2025-03-05 14:32:48	2025-03-22 00:21:27.423314	2
958	8	60	ダミー18	2025-03-05 14:32:48	2025-03-22 00:21:27.423314	2
959	8	61	ダミー19	2025-03-05 14:32:48	2025-03-22 00:21:27.423314	2
960	8	62	ダミー20	2025-03-05 14:32:48	2025-03-22 00:21:27.423314	2
961	9	30	9	2025-03-05 14:32:48	2025-03-22 00:21:27.423314	2
962	9	31	2024	2025-03-05 14:32:48	2025-03-22 00:21:27.423314	2
963	9	32	種別A	2025-03-05 14:32:48	2025-03-22 00:21:27.423314	2
964	9	33	B003	2025-03-05 14:32:48	2025-03-22 00:21:27.423314	2
965	9	34	予算名A	2025-03-05 14:32:48	2025-03-22 00:21:27.423314	2
966	9	35	100000	2025-03-05 14:32:48	2025-03-22 00:21:27.423314	2
967	9	36	部門A	2025-03-05 14:32:48	2025-03-22 00:21:27.423314	2
968	9	37	部門B	2025-03-05 14:32:48	2025-03-22 00:21:27.423314	2
969	9	38	部門A	2025-03-05 14:32:48	2025-03-22 00:21:27.423314	2
970	9	39	担当者A	2025-03-05 14:32:48	2025-03-22 00:21:27.423314	2
971	9	40	2023-10-15	2025-03-05 14:32:48	2025-03-22 00:21:27.423314	2
972	9	41	担当者B	2025-03-05 14:32:48	2025-03-22 00:21:27.423314	2
973	9	42	2023-11-22	2025-03-05 14:32:48	2025-03-22 00:21:27.423314	2
56	2	27	ダミー18	2025-03-05 14:32:48	2025-03-22 00:21:27.423314	1
974	9	43	ダミー1	2025-03-05 14:32:48	2025-03-22 00:21:27.423314	2
975	9	44	ダミー2	2025-03-05 14:32:48	2025-03-22 00:21:27.423314	2
976	9	45	ダミー3	2025-03-05 14:32:48	2025-03-22 00:21:27.423314	2
977	9	46	ダミー4	2025-03-05 14:32:48	2025-03-22 00:21:27.423314	2
978	9	47	ダミー5	2025-03-05 14:32:48	2025-03-22 00:21:27.423314	2
979	9	48	ダミー6	2025-03-05 14:32:48	2025-03-22 00:21:27.423314	2
980	9	49	ダミー7	2025-03-05 14:32:48	2025-03-22 00:21:27.423314	2
981	9	50	ダミー8	2025-03-05 14:32:48	2025-03-22 00:21:27.423314	2
982	9	51	ダミー9	2025-03-05 14:32:48	2025-03-22 00:21:27.423314	2
983	9	52	ダミー10	2025-03-05 14:32:48	2025-03-22 00:21:27.423314	2
984	9	53	ダミー11	2025-03-05 14:32:48	2025-03-22 00:21:27.423314	2
985	9	54	ダミー12	2025-03-05 14:32:48	2025-03-22 00:21:27.423314	2
986	9	55	ダミー13	2025-03-05 14:32:48	2025-03-22 00:21:27.423314	2
987	9	56	ダミー14	2025-03-05 14:32:48	2025-03-22 00:21:27.423314	2
988	9	57	ダミー15	2025-03-05 14:32:48	2025-03-22 00:21:27.423314	2
989	9	58	ダミー16	2025-03-05 14:32:48	2025-03-22 00:21:27.423314	2
990	9	59	ダミー17	2025-03-05 14:32:48	2025-03-22 00:21:27.423314	2
991	9	60	ダミー18	2025-03-05 14:32:48	2025-03-22 00:21:27.423314	2
992	9	61	ダミー19	2025-03-05 14:32:48	2025-03-22 00:21:27.423314	2
993	9	62	ダミー20	2025-03-05 14:32:48	2025-03-22 00:21:27.423314	2
994	10	30	10	2025-03-05 14:32:48	2025-03-22 00:21:27.423314	2
995	10	31	2024	2025-03-05 14:32:48	2025-03-22 00:21:27.423314	2
996	10	32	種別A	2025-03-05 14:32:48	2025-03-22 00:21:27.423314	2
997	10	33	B003	2025-03-05 14:32:48	2025-03-22 00:21:27.423314	2
998	10	34	予算名B	2025-03-05 14:32:48	2025-03-22 00:21:27.423314	2
999	10	35	100000	2025-03-05 14:32:48	2025-03-22 00:21:27.423314	2
1000	10	36	部門A	2025-03-05 14:32:48	2025-03-22 00:21:27.423314	2
1001	10	37	部門B	2025-03-05 14:32:48	2025-03-22 00:21:27.423314	2
1002	10	38	部門A	2025-03-05 14:32:48	2025-03-22 00:21:27.423314	2
1003	10	39	担当者A	2025-03-05 14:32:48	2025-03-22 00:21:27.423314	2
1004	10	40	2023-10-15	2025-03-05 14:32:48	2025-03-22 00:21:27.423314	2
1005	10	41	担当者B	2025-03-05 14:32:48	2025-03-22 00:21:27.423314	2
1006	10	42	2023-11-22	2025-03-05 14:32:48	2025-03-22 00:21:27.423314	2
1007	10	43	ダミー1	2025-03-05 14:32:48	2025-03-22 00:21:27.423314	2
1008	10	44	ダミー2	2025-03-05 14:32:48	2025-03-22 00:21:27.423314	2
1009	10	45	ダミー3	2025-03-05 14:32:48	2025-03-22 00:21:27.423314	2
1010	10	46	ダミー4	2025-03-05 14:32:48	2025-03-22 00:21:27.423314	2
1011	10	47	ダミー5	2025-03-05 14:32:48	2025-03-22 00:21:27.423314	2
1012	10	48	ダミー6	2025-03-05 14:32:48	2025-03-22 00:21:27.423314	2
1013	10	49	ダミー7	2025-03-05 14:32:48	2025-03-22 00:21:27.423314	2
1014	10	50	ダミー8	2025-03-05 14:32:48	2025-03-22 00:21:27.423314	2
1015	10	51	ダミー9	2025-03-05 14:32:48	2025-03-22 00:21:27.423314	2
1016	10	52	ダミー10	2025-03-05 14:32:48	2025-03-22 00:21:27.423314	2
1017	10	53	ダミー11	2025-03-05 14:32:48	2025-03-22 00:21:27.423314	2
1018	10	54	ダミー12	2025-03-05 14:32:48	2025-03-22 00:21:27.423314	2
1019	10	55	ダミー13	2025-03-05 14:32:48	2025-03-22 00:21:27.423314	2
1020	10	56	ダミー14	2025-03-05 14:32:48	2025-03-22 00:21:27.423314	2
1021	10	57	ダミー15	2025-03-05 14:32:48	2025-03-22 00:21:27.423314	2
1022	10	58	ダミー16	2025-03-05 14:32:48	2025-03-22 00:21:27.423314	2
1023	10	59	ダミー17	2025-03-05 14:32:48	2025-03-22 00:21:27.423314	2
1024	10	60	ダミー18	2025-03-05 14:32:48	2025-03-22 00:21:27.423314	2
1025	10	61	ダミー19	2025-03-05 14:32:48	2025-03-22 00:21:27.423314	2
1026	10	62	ダミー20	2025-03-05 14:32:48	2025-03-22 00:21:27.423314	2
1027	11	30	11	2025-03-05 14:32:48	2025-03-22 00:21:27.423314	2
1028	11	31	2024	2025-03-05 14:32:48	2025-03-22 00:21:27.423314	2
1029	11	32	種別A	2025-03-05 14:32:48	2025-03-22 00:21:27.423314	2
1030	11	33	B003	2025-03-05 14:32:48	2025-03-22 00:21:27.423314	2
1031	11	34	予算名C	2025-03-05 14:32:48	2025-03-22 00:21:27.423314	2
1032	11	35	100000	2025-03-05 14:32:48	2025-03-22 00:21:27.423314	2
1033	11	36	部門A	2025-03-05 14:32:48	2025-03-22 00:21:27.423314	2
1034	11	37	部門B	2025-03-05 14:32:48	2025-03-22 00:21:27.423314	2
1035	11	38	部門A	2025-03-05 14:32:48	2025-03-22 00:21:27.423314	2
1036	11	39	担当者A	2025-03-05 14:32:48	2025-03-22 00:21:27.423314	2
1037	11	40	2023-10-15	2025-03-05 14:32:48	2025-03-22 00:21:27.423314	2
1038	11	41	担当者B	2025-03-05 14:32:48	2025-03-22 00:21:27.423314	2
1039	11	42	2023-11-22	2025-03-05 14:32:48	2025-03-22 00:21:27.423314	2
1040	11	43	ダミー1	2025-03-05 14:32:48	2025-03-22 00:21:27.423314	2
1041	11	44	ダミー2	2025-03-05 14:32:48	2025-03-22 00:21:27.423314	2
1042	11	45	ダミー3	2025-03-05 14:32:48	2025-03-22 00:21:27.423314	2
1043	11	46	ダミー4	2025-03-05 14:32:48	2025-03-22 00:21:27.423314	2
1044	11	47	ダミー5	2025-03-05 14:32:48	2025-03-22 00:21:27.423314	2
1045	11	48	ダミー6	2025-03-05 14:32:48	2025-03-22 00:21:27.423314	2
1046	11	49	ダミー7	2025-03-05 14:32:48	2025-03-22 00:21:27.423314	2
1047	11	50	ダミー8	2025-03-05 14:32:48	2025-03-22 00:21:27.423314	2
1048	11	51	ダミー9	2025-03-05 14:32:48	2025-03-22 00:21:27.423314	2
1049	11	52	ダミー10	2025-03-05 14:32:48	2025-03-22 00:21:27.423314	2
1050	11	53	ダミー11	2025-03-05 14:32:48	2025-03-22 00:21:27.423314	2
1051	11	54	ダミー12	2025-03-05 14:32:48	2025-03-22 00:21:27.423314	2
1052	11	55	ダミー13	2025-03-05 14:32:48	2025-03-22 00:21:27.423314	2
1053	11	56	ダミー14	2025-03-05 14:32:48	2025-03-22 00:21:27.423314	2
1054	11	57	ダミー15	2025-03-05 14:32:48	2025-03-22 00:21:27.423314	2
1055	11	58	ダミー16	2025-03-05 14:32:48	2025-03-22 00:21:27.423314	2
1056	11	59	ダミー17	2025-03-05 14:32:48	2025-03-22 00:21:27.423314	2
1057	11	60	ダミー18	2025-03-05 14:32:48	2025-03-22 00:21:27.423314	2
1058	11	61	ダミー19	2025-03-05 14:32:48	2025-03-22 00:21:27.423314	2
1059	11	62	ダミー20	2025-03-05 14:32:48	2025-03-22 00:21:27.423314	2
1060	12	30	12	2025-03-05 14:32:48	2025-03-22 00:21:27.423314	2
1061	12	31	2024	2025-03-05 14:32:48	2025-03-22 00:21:27.423314	2
1062	12	32	種別A	2025-03-05 14:32:48	2025-03-22 00:21:27.423314	2
1063	12	33	B003	2025-03-05 14:32:48	2025-03-22 00:21:27.423314	2
1064	12	34	予算名D	2025-03-05 14:32:48	2025-03-22 00:21:27.423314	2
1065	12	35	100000	2025-03-05 14:32:48	2025-03-22 00:21:27.423314	2
1066	12	36	部門A	2025-03-05 14:32:48	2025-03-22 00:21:27.423314	2
1067	12	37	部門B	2025-03-05 14:32:48	2025-03-22 00:21:27.423314	2
1068	12	38	部門A	2025-03-05 14:32:48	2025-03-22 00:21:27.423314	2
1069	12	39	担当者A	2025-03-05 14:32:48	2025-03-22 00:21:27.423314	2
1070	12	40	2023-10-15	2025-03-05 14:32:48	2025-03-22 00:21:27.423314	2
57	2	28	ダミー19	2025-03-05 14:32:48	2025-03-22 00:21:27.423314	1
1071	12	41	担当者B	2025-03-05 14:32:48	2025-03-22 00:21:27.423314	2
1072	12	42	2023-11-22	2025-03-05 14:32:48	2025-03-22 00:21:27.423314	2
1073	12	43	ダミー1	2025-03-05 14:32:48	2025-03-22 00:21:27.423314	2
1074	12	44	ダミー2	2025-03-05 14:32:48	2025-03-22 00:21:27.423314	2
1075	12	45	ダミー3	2025-03-05 14:32:48	2025-03-22 00:21:27.423314	2
1076	12	46	ダミー4	2025-03-05 14:32:48	2025-03-22 00:21:27.423314	2
1077	12	47	ダミー5	2025-03-05 14:32:48	2025-03-22 00:21:27.423314	2
1078	12	48	ダミー6	2025-03-05 14:32:48	2025-03-22 00:21:27.423314	2
1079	12	49	ダミー7	2025-03-05 14:32:48	2025-03-22 00:21:27.423314	2
1080	12	50	ダミー8	2025-03-05 14:32:48	2025-03-22 00:21:27.423314	2
1081	12	51	ダミー9	2025-03-05 14:32:48	2025-03-22 00:21:27.423314	2
1082	12	52	ダミー10	2025-03-05 14:32:48	2025-03-22 00:21:27.423314	2
1083	12	53	ダミー11	2025-03-05 14:32:48	2025-03-22 00:21:27.423314	2
1084	12	54	ダミー12	2025-03-05 14:32:48	2025-03-22 00:21:27.423314	2
1085	12	55	ダミー13	2025-03-05 14:32:48	2025-03-22 00:21:27.423314	2
1086	12	56	ダミー14	2025-03-05 14:32:48	2025-03-22 00:21:27.423314	2
1087	12	57	ダミー15	2025-03-05 14:32:48	2025-03-22 00:21:27.423314	2
1088	12	58	ダミー16	2025-03-05 14:32:48	2025-03-22 00:21:27.423314	2
1089	12	59	ダミー17	2025-03-05 14:32:48	2025-03-22 00:21:27.423314	2
1090	12	60	ダミー18	2025-03-05 14:32:48	2025-03-22 00:21:27.423314	2
1091	12	61	ダミー19	2025-03-05 14:32:48	2025-03-22 00:21:27.423314	2
1092	12	62	ダミー20	2025-03-05 14:32:48	2025-03-22 00:21:27.423314	2
1093	13	30	13	2025-03-05 14:32:48	2025-03-22 00:21:27.423314	2
1094	13	31	2024	2025-03-05 14:32:48	2025-03-22 00:21:27.423314	2
1095	13	32	種別B	2025-03-05 14:32:48	2025-03-22 00:21:27.423314	2
1096	13	33	B004	2025-03-05 14:32:48	2025-03-22 00:21:27.423314	2
1097	13	34	予算名A	2025-03-05 14:32:48	2025-03-22 00:21:27.423314	2
1098	13	35	100000	2025-03-05 14:32:48	2025-03-22 00:21:27.423314	2
1099	13	36	部門A	2025-03-05 14:32:48	2025-03-22 00:21:27.423314	2
1100	13	37	部門B	2025-03-05 14:32:48	2025-03-22 00:21:27.423314	2
1101	13	38	部門A	2025-03-05 14:32:48	2025-03-22 00:21:27.423314	2
1102	13	39	担当者A	2025-03-05 14:32:48	2025-03-22 00:21:27.423314	2
1103	13	40	2023-10-15	2025-03-05 14:32:48	2025-03-22 00:21:27.423314	2
1104	13	41	担当者B	2025-03-05 14:32:48	2025-03-22 00:21:27.423314	2
1105	13	42	2023-11-22	2025-03-05 14:32:48	2025-03-22 00:21:27.423314	2
1106	13	43	ダミー1	2025-03-05 14:32:48	2025-03-22 00:21:27.423314	2
1107	13	44	ダミー2	2025-03-05 14:32:48	2025-03-22 00:21:27.423314	2
1108	13	45	ダミー3	2025-03-05 14:32:48	2025-03-22 00:21:27.423314	2
1109	13	46	ダミー4	2025-03-05 14:32:48	2025-03-22 00:21:27.423314	2
1110	13	47	ダミー5	2025-03-05 14:32:48	2025-03-22 00:21:27.423314	2
1111	13	48	ダミー6	2025-03-05 14:32:48	2025-03-22 00:21:27.423314	2
1112	13	49	ダミー7	2025-03-05 14:32:48	2025-03-22 00:21:27.423314	2
1113	13	50	ダミー8	2025-03-05 14:32:48	2025-03-22 00:21:27.423314	2
1114	13	51	ダミー9	2025-03-05 14:32:48	2025-03-22 00:21:27.423314	2
1115	13	52	ダミー10	2025-03-05 14:32:48	2025-03-22 00:21:27.423314	2
1116	13	53	ダミー11	2025-03-05 14:32:48	2025-03-22 00:21:27.423314	2
1117	13	54	ダミー12	2025-03-05 14:32:48	2025-03-22 00:21:27.423314	2
1118	13	55	ダミー13	2025-03-05 14:32:48	2025-03-22 00:21:27.423314	2
1119	13	56	ダミー14	2025-03-05 14:32:48	2025-03-22 00:21:27.423314	2
1120	13	57	ダミー15	2025-03-05 14:32:48	2025-03-22 00:21:27.423314	2
1121	13	58	ダミー16	2025-03-05 14:32:48	2025-03-22 00:21:27.423314	2
1122	13	59	ダミー17	2025-03-05 14:32:48	2025-03-22 00:21:27.423314	2
1123	13	60	ダミー18	2025-03-05 14:32:48	2025-03-22 00:21:27.423314	2
1124	13	61	ダミー19	2025-03-05 14:32:48	2025-03-22 00:21:27.423314	2
1125	13	62	ダミー20	2025-03-05 14:32:48	2025-03-22 00:21:27.423314	2
1126	14	30	14	2025-03-05 14:32:48	2025-03-22 00:21:27.423314	2
1127	14	31	2024	2025-03-05 14:32:48	2025-03-22 00:21:27.423314	2
1128	14	32	種別B	2025-03-05 14:32:48	2025-03-22 00:21:27.423314	2
1129	14	33	B004	2025-03-05 14:32:48	2025-03-22 00:21:27.423314	2
1130	14	34	予算名B	2025-03-05 14:32:48	2025-03-22 00:21:27.423314	2
1131	14	35	100000	2025-03-05 14:32:48	2025-03-22 00:21:27.423314	2
1132	14	36	部門A	2025-03-05 14:32:48	2025-03-22 00:21:27.423314	2
1133	14	37	部門B	2025-03-05 14:32:48	2025-03-22 00:21:27.423314	2
1134	14	38	部門A	2025-03-05 14:32:48	2025-03-22 00:21:27.423314	2
1135	14	39	担当者A	2025-03-05 14:32:48	2025-03-22 00:21:27.423314	2
1136	14	40	2023-10-15	2025-03-05 14:32:48	2025-03-22 00:21:27.423314	2
1137	14	41	担当者B	2025-03-05 14:32:48	2025-03-22 00:21:27.423314	2
1138	14	42	2023-11-22	2025-03-05 14:32:48	2025-03-22 00:21:27.423314	2
1139	14	43	ダミー1	2025-03-05 14:32:48	2025-03-22 00:21:27.423314	2
1140	14	44	ダミー2	2025-03-05 14:32:48	2025-03-22 00:21:27.423314	2
1141	14	45	ダミー3	2025-03-05 14:32:48	2025-03-22 00:21:27.423314	2
1142	14	46	ダミー4	2025-03-05 14:32:48	2025-03-22 00:21:27.423314	2
1143	14	47	ダミー5	2025-03-05 14:32:48	2025-03-22 00:21:27.423314	2
1144	14	48	ダミー6	2025-03-05 14:32:48	2025-03-22 00:21:27.423314	2
1145	14	49	ダミー7	2025-03-05 14:32:48	2025-03-22 00:21:27.423314	2
1146	14	50	ダミー8	2025-03-05 14:32:48	2025-03-22 00:21:27.423314	2
1147	14	51	ダミー9	2025-03-05 14:32:48	2025-03-22 00:21:27.423314	2
1148	14	52	ダミー10	2025-03-05 14:32:48	2025-03-22 00:21:27.423314	2
1149	14	53	ダミー11	2025-03-05 14:32:48	2025-03-22 00:21:27.423314	2
1150	14	54	ダミー12	2025-03-05 14:32:48	2025-03-22 00:21:27.423314	2
1151	14	55	ダミー13	2025-03-05 14:32:48	2025-03-22 00:21:27.423314	2
1152	14	56	ダミー14	2025-03-05 14:32:48	2025-03-22 00:21:27.423314	2
1153	14	57	ダミー15	2025-03-05 14:32:48	2025-03-22 00:21:27.423314	2
1154	14	58	ダミー16	2025-03-05 14:32:48	2025-03-22 00:21:27.423314	2
1155	14	59	ダミー17	2025-03-05 14:32:48	2025-03-22 00:21:27.423314	2
1156	14	60	ダミー18	2025-03-05 14:32:48	2025-03-22 00:21:27.423314	2
1157	14	61	ダミー19	2025-03-05 14:32:48	2025-03-22 00:21:27.423314	2
1158	14	62	ダミー20	2025-03-05 14:32:48	2025-03-22 00:21:27.423314	2
1159	15	30	15	2025-03-05 14:32:48	2025-03-22 00:21:27.423314	2
1160	15	31	2024	2025-03-05 14:32:48	2025-03-22 00:21:27.423314	2
1161	15	32	種別B	2025-03-05 14:32:48	2025-03-22 00:21:27.423314	2
1162	15	33	B004	2025-03-05 14:32:48	2025-03-22 00:21:27.423314	2
1163	15	34	予算名C	2025-03-05 14:32:48	2025-03-22 00:21:27.423314	2
1164	15	35	100000	2025-03-05 14:32:48	2025-03-22 00:21:27.423314	2
1165	15	36	部門A	2025-03-05 14:32:48	2025-03-22 00:21:27.423314	2
58	2	29	ダミー20	2025-03-05 14:32:48	2025-03-22 00:21:27.423314	1
1166	15	37	部門B	2025-03-05 14:32:48	2025-03-22 00:21:27.423314	2
1167	15	38	部門A	2025-03-05 14:32:48	2025-03-22 00:21:27.423314	2
1168	15	39	担当者A	2025-03-05 14:32:48	2025-03-22 00:21:27.423314	2
1169	15	40	2023-10-15	2025-03-05 14:32:48	2025-03-22 00:21:27.423314	2
1170	15	41	担当者B	2025-03-05 14:32:48	2025-03-22 00:21:27.423314	2
1171	15	42	2023-11-22	2025-03-05 14:32:48	2025-03-22 00:21:27.423314	2
1172	15	43	ダミー1	2025-03-05 14:32:48	2025-03-22 00:21:27.423314	2
1173	15	44	ダミー2	2025-03-05 14:32:48	2025-03-22 00:21:27.423314	2
1174	15	45	ダミー3	2025-03-05 14:32:48	2025-03-22 00:21:27.423314	2
1175	15	46	ダミー4	2025-03-05 14:32:48	2025-03-22 00:21:27.423314	2
1176	15	47	ダミー5	2025-03-05 14:32:48	2025-03-22 00:21:27.423314	2
1177	15	48	ダミー6	2025-03-05 14:32:48	2025-03-22 00:21:27.423314	2
1178	15	49	ダミー7	2025-03-05 14:32:48	2025-03-22 00:21:27.423314	2
1179	15	50	ダミー8	2025-03-05 14:32:48	2025-03-22 00:21:27.423314	2
1180	15	51	ダミー9	2025-03-05 14:32:48	2025-03-22 00:21:27.423314	2
1181	15	52	ダミー10	2025-03-05 14:32:48	2025-03-22 00:21:27.423314	2
1182	15	53	ダミー11	2025-03-05 14:32:48	2025-03-22 00:21:27.423314	2
1183	15	54	ダミー12	2025-03-05 14:32:48	2025-03-22 00:21:27.423314	2
1184	15	55	ダミー13	2025-03-05 14:32:48	2025-03-22 00:21:27.423314	2
1185	15	56	ダミー14	2025-03-05 14:32:48	2025-03-22 00:21:27.423314	2
1186	15	57	ダミー15	2025-03-05 14:32:48	2025-03-22 00:21:27.423314	2
1187	15	58	ダミー16	2025-03-05 14:32:48	2025-03-22 00:21:27.423314	2
1188	15	59	ダミー17	2025-03-05 14:32:48	2025-03-22 00:21:27.423314	2
1189	15	60	ダミー18	2025-03-05 14:32:48	2025-03-22 00:21:27.423314	2
1190	15	61	ダミー19	2025-03-05 14:32:48	2025-03-22 00:21:27.423314	2
1191	15	62	ダミー20	2025-03-05 14:32:48	2025-03-22 00:21:27.423314	2
1192	16	30	16	2025-03-05 14:32:48	2025-03-22 00:21:27.423314	2
1193	16	31	2024	2025-03-05 14:32:48	2025-03-22 00:21:27.423314	2
1194	16	32	種別B	2025-03-05 14:32:48	2025-03-22 00:21:27.423314	2
1195	16	33	B004	2025-03-05 14:32:48	2025-03-22 00:21:27.423314	2
1196	16	34	予算名D	2025-03-05 14:32:48	2025-03-22 00:21:27.423314	2
1197	16	35	100000	2025-03-05 14:32:48	2025-03-22 00:21:27.423314	2
1198	16	36	部門A	2025-03-05 14:32:48	2025-03-22 00:21:27.423314	2
1199	16	37	部門B	2025-03-05 14:32:48	2025-03-22 00:21:27.423314	2
1200	16	38	部門A	2025-03-05 14:32:48	2025-03-22 00:21:27.423314	2
1201	16	39	担当者A	2025-03-05 14:32:48	2025-03-22 00:21:27.423314	2
1202	16	40	2023-10-15	2025-03-05 14:32:48	2025-03-22 00:21:27.423314	2
1203	16	41	担当者B	2025-03-05 14:32:48	2025-03-22 00:21:27.423314	2
1204	16	42	2023-11-22	2025-03-05 14:32:48	2025-03-22 00:21:27.423314	2
1205	16	43	ダミー1	2025-03-05 14:32:48	2025-03-22 00:21:27.423314	2
1206	16	44	ダミー2	2025-03-05 14:32:48	2025-03-22 00:21:27.423314	2
1207	16	45	ダミー3	2025-03-05 14:32:48	2025-03-22 00:21:27.423314	2
1208	16	46	ダミー4	2025-03-05 14:32:48	2025-03-22 00:21:27.423314	2
1209	16	47	ダミー5	2025-03-05 14:32:48	2025-03-22 00:21:27.423314	2
1210	16	48	ダミー6	2025-03-05 14:32:48	2025-03-22 00:21:27.423314	2
1211	16	49	ダミー7	2025-03-05 14:32:48	2025-03-22 00:21:27.423314	2
1212	16	50	ダミー8	2025-03-05 14:32:48	2025-03-22 00:21:27.423314	2
1213	16	51	ダミー9	2025-03-05 14:32:48	2025-03-22 00:21:27.423314	2
1214	16	52	ダミー10	2025-03-05 14:32:48	2025-03-22 00:21:27.423314	2
1215	16	53	ダミー11	2025-03-05 14:32:48	2025-03-22 00:21:27.423314	2
1216	16	54	ダミー12	2025-03-05 14:32:48	2025-03-22 00:21:27.423314	2
1217	16	55	ダミー13	2025-03-05 14:32:48	2025-03-22 00:21:27.423314	2
1218	16	56	ダミー14	2025-03-05 14:32:48	2025-03-22 00:21:27.423314	2
1219	16	57	ダミー15	2025-03-05 14:32:48	2025-03-22 00:21:27.423314	2
1220	16	58	ダミー16	2025-03-05 14:32:48	2025-03-22 00:21:27.423314	2
1221	16	59	ダミー17	2025-03-05 14:32:48	2025-03-22 00:21:27.423314	2
1222	16	60	ダミー18	2025-03-05 14:32:48	2025-03-22 00:21:27.423314	2
1223	16	61	ダミー19	2025-03-05 14:32:48	2025-03-22 00:21:27.423314	2
1224	16	62	ダミー20	2025-03-05 14:32:48	2025-03-22 00:21:27.423314	2
1225	17	30	17	2025-03-05 14:32:48	2025-03-22 00:21:27.423314	2
1226	17	31	2025	2025-03-05 14:32:48	2025-03-22 00:21:27.423314	2
1227	17	32	種別A	2025-03-05 14:32:48	2025-03-22 00:21:27.423314	2
1228	17	33	B005	2025-03-05 14:32:48	2025-03-22 00:21:27.423314	2
1479	24	53	ダミー11	2025-03-05 14:32:48	2025-03-22 00:21:27.423314	2
1229	17	34	予算名A	2025-03-05 14:32:48	2025-03-22 00:21:27.423314	2
1230	17	35	100000	2025-03-05 14:32:48	2025-03-22 00:21:27.423314	2
1231	17	36	部門A	2025-03-05 14:32:48	2025-03-22 00:21:27.423314	2
1232	17	37	部門B	2025-03-05 14:32:48	2025-03-22 00:21:27.423314	2
1233	17	38	部門A	2025-03-05 14:32:48	2025-03-22 00:21:27.423314	2
1234	17	39	担当者A	2025-03-05 14:32:48	2025-03-22 00:21:27.423314	2
1235	17	40	2023-10-15	2025-03-05 14:32:48	2025-03-22 00:21:27.423314	2
1236	17	41	担当者B	2025-03-05 14:32:48	2025-03-22 00:21:27.423314	2
1237	17	42	2023-11-22	2025-03-05 14:32:48	2025-03-22 00:21:27.423314	2
1238	17	43	ダミー1	2025-03-05 14:32:48	2025-03-22 00:21:27.423314	2
1239	17	44	ダミー2	2025-03-05 14:32:48	2025-03-22 00:21:27.423314	2
1240	17	45	ダミー3	2025-03-05 14:32:48	2025-03-22 00:21:27.423314	2
1241	17	46	ダミー4	2025-03-05 14:32:48	2025-03-22 00:21:27.423314	2
1242	17	47	ダミー5	2025-03-05 14:32:48	2025-03-22 00:21:27.423314	2
1243	17	48	ダミー6	2025-03-05 14:32:48	2025-03-22 00:21:27.423314	2
1244	17	49	ダミー7	2025-03-05 14:32:48	2025-03-22 00:21:27.423314	2
1245	17	50	ダミー8	2025-03-05 14:32:48	2025-03-22 00:21:27.423314	2
1246	17	51	ダミー9	2025-03-05 14:32:48	2025-03-22 00:21:27.423314	2
1247	17	52	ダミー10	2025-03-05 14:32:48	2025-03-22 00:21:27.423314	2
1248	17	53	ダミー11	2025-03-05 14:32:48	2025-03-22 00:21:27.423314	2
1249	17	54	ダミー12	2025-03-05 14:32:48	2025-03-22 00:21:27.423314	2
1250	17	55	ダミー13	2025-03-05 14:32:48	2025-03-22 00:21:27.423314	2
1251	17	56	ダミー14	2025-03-05 14:32:48	2025-03-22 00:21:27.423314	2
1252	17	57	ダミー15	2025-03-05 14:32:48	2025-03-22 00:21:27.423314	2
1253	17	58	ダミー16	2025-03-05 14:32:48	2025-03-22 00:21:27.423314	2
1254	17	59	ダミー17	2025-03-05 14:32:48	2025-03-22 00:21:27.423314	2
1255	17	60	ダミー18	2025-03-05 14:32:48	2025-03-22 00:21:27.423314	2
1256	17	61	ダミー19	2025-03-05 14:32:48	2025-03-22 00:21:27.423314	2
1257	17	62	ダミー20	2025-03-05 14:32:48	2025-03-22 00:21:27.423314	2
1258	18	30	18	2025-03-05 14:32:48	2025-03-22 00:21:27.423314	2
1259	18	31	2025	2025-03-05 14:32:48	2025-03-22 00:21:27.423314	2
1260	18	32	種別A	2025-03-05 14:32:48	2025-03-22 00:21:27.423314	2
1261	18	33	B005	2025-03-05 14:32:48	2025-03-22 00:21:27.423314	2
831	5	32	種別B	2025-03-05 14:32:48	2025-03-22 00:21:27.423314	2
1262	18	34	予算名B	2025-03-05 14:32:48	2025-03-22 00:21:27.423314	2
1263	18	35	100000	2025-03-05 14:32:48	2025-03-22 00:21:27.423314	2
1264	18	36	部門A	2025-03-05 14:32:48	2025-03-22 00:21:27.423314	2
1265	18	37	部門B	2025-03-05 14:32:48	2025-03-22 00:21:27.423314	2
1266	18	38	部門A	2025-03-05 14:32:48	2025-03-22 00:21:27.423314	2
1267	18	39	担当者A	2025-03-05 14:32:48	2025-03-22 00:21:27.423314	2
1268	18	40	2023-10-15	2025-03-05 14:32:48	2025-03-22 00:21:27.423314	2
1269	18	41	担当者B	2025-03-05 14:32:48	2025-03-22 00:21:27.423314	2
1270	18	42	2023-11-22	2025-03-05 14:32:48	2025-03-22 00:21:27.423314	2
1271	18	43	ダミー1	2025-03-05 14:32:48	2025-03-22 00:21:27.423314	2
1272	18	44	ダミー2	2025-03-05 14:32:48	2025-03-22 00:21:27.423314	2
1273	18	45	ダミー3	2025-03-05 14:32:48	2025-03-22 00:21:27.423314	2
1274	18	46	ダミー4	2025-03-05 14:32:48	2025-03-22 00:21:27.423314	2
1275	18	47	ダミー5	2025-03-05 14:32:48	2025-03-22 00:21:27.423314	2
1276	18	48	ダミー6	2025-03-05 14:32:48	2025-03-22 00:21:27.423314	2
1277	18	49	ダミー7	2025-03-05 14:32:48	2025-03-22 00:21:27.423314	2
1278	18	50	ダミー8	2025-03-05 14:32:48	2025-03-22 00:21:27.423314	2
1279	18	51	ダミー9	2025-03-05 14:32:48	2025-03-22 00:21:27.423314	2
1280	18	52	ダミー10	2025-03-05 14:32:48	2025-03-22 00:21:27.423314	2
1281	18	53	ダミー11	2025-03-05 14:32:48	2025-03-22 00:21:27.423314	2
1282	18	54	ダミー12	2025-03-05 14:32:48	2025-03-22 00:21:27.423314	2
1283	18	55	ダミー13	2025-03-05 14:32:48	2025-03-22 00:21:27.423314	2
1284	18	56	ダミー14	2025-03-05 14:32:48	2025-03-22 00:21:27.423314	2
1285	18	57	ダミー15	2025-03-05 14:32:48	2025-03-22 00:21:27.423314	2
1286	18	58	ダミー16	2025-03-05 14:32:48	2025-03-22 00:21:27.423314	2
1287	18	59	ダミー17	2025-03-05 14:32:48	2025-03-22 00:21:27.423314	2
1288	18	60	ダミー18	2025-03-05 14:32:48	2025-03-22 00:21:27.423314	2
1289	18	61	ダミー19	2025-03-05 14:32:48	2025-03-22 00:21:27.423314	2
1290	18	62	ダミー20	2025-03-05 14:32:48	2025-03-22 00:21:27.423314	2
1291	19	30	19	2025-03-05 14:32:48	2025-03-22 00:21:27.423314	2
1292	19	31	2025	2025-03-05 14:32:48	2025-03-22 00:21:27.423314	2
1293	19	32	種別A	2025-03-05 14:32:48	2025-03-22 00:21:27.423314	2
1294	19	33	B005	2025-03-05 14:32:48	2025-03-22 00:21:27.423314	2
1295	19	34	予算名C	2025-03-05 14:32:48	2025-03-22 00:21:27.423314	2
1296	19	35	100000	2025-03-05 14:32:48	2025-03-22 00:21:27.423314	2
1297	19	36	部門A	2025-03-05 14:32:48	2025-03-22 00:21:27.423314	2
1298	19	37	部門B	2025-03-05 14:32:48	2025-03-22 00:21:27.423314	2
1299	19	38	部門A	2025-03-05 14:32:48	2025-03-22 00:21:27.423314	2
1300	19	39	担当者A	2025-03-05 14:32:48	2025-03-22 00:21:27.423314	2
1301	19	40	2023-10-15	2025-03-05 14:32:48	2025-03-22 00:21:27.423314	2
1302	19	41	担当者B	2025-03-05 14:32:48	2025-03-22 00:21:27.423314	2
1303	19	42	2023-11-22	2025-03-05 14:32:48	2025-03-22 00:21:27.423314	2
1304	19	43	ダミー1	2025-03-05 14:32:48	2025-03-22 00:21:27.423314	2
1305	19	44	ダミー2	2025-03-05 14:32:48	2025-03-22 00:21:27.423314	2
1306	19	45	ダミー3	2025-03-05 14:32:48	2025-03-22 00:21:27.423314	2
1307	19	46	ダミー4	2025-03-05 14:32:48	2025-03-22 00:21:27.423314	2
1308	19	47	ダミー5	2025-03-05 14:32:48	2025-03-22 00:21:27.423314	2
1309	19	48	ダミー6	2025-03-05 14:32:48	2025-03-22 00:21:27.423314	2
1310	19	49	ダミー7	2025-03-05 14:32:48	2025-03-22 00:21:27.423314	2
1311	19	50	ダミー8	2025-03-05 14:32:48	2025-03-22 00:21:27.423314	2
1312	19	51	ダミー9	2025-03-05 14:32:48	2025-03-22 00:21:27.423314	2
1313	19	52	ダミー10	2025-03-05 14:32:48	2025-03-22 00:21:27.423314	2
1314	19	53	ダミー11	2025-03-05 14:32:48	2025-03-22 00:21:27.423314	2
1315	19	54	ダミー12	2025-03-05 14:32:48	2025-03-22 00:21:27.423314	2
1316	19	55	ダミー13	2025-03-05 14:32:48	2025-03-22 00:21:27.423314	2
1317	19	56	ダミー14	2025-03-05 14:32:48	2025-03-22 00:21:27.423314	2
1318	19	57	ダミー15	2025-03-05 14:32:48	2025-03-22 00:21:27.423314	2
1319	19	58	ダミー16	2025-03-05 14:32:48	2025-03-22 00:21:27.423314	2
1320	19	59	ダミー17	2025-03-05 14:32:48	2025-03-22 00:21:27.423314	2
1321	19	60	ダミー18	2025-03-05 14:32:48	2025-03-22 00:21:27.423314	2
1322	19	61	ダミー19	2025-03-05 14:32:48	2025-03-22 00:21:27.423314	2
1323	19	62	ダミー20	2025-03-05 14:32:48	2025-03-22 00:21:27.423314	2
1324	20	30	20	2025-03-05 14:32:48	2025-03-22 00:21:27.423314	2
1325	20	31	2025	2025-03-05 14:32:48	2025-03-22 00:21:27.423314	2
1326	20	32	種別A	2025-03-05 14:32:48	2025-03-22 00:21:27.423314	2
1327	20	33	B005	2025-03-05 14:32:48	2025-03-22 00:21:27.423314	2
1328	20	34	予算名D	2025-03-05 14:32:48	2025-03-22 00:21:27.423314	2
1329	20	35	100000	2025-03-05 14:32:48	2025-03-22 00:21:27.423314	2
1330	20	36	部門A	2025-03-05 14:32:48	2025-03-22 00:21:27.423314	2
1331	20	37	部門B	2025-03-05 14:32:48	2025-03-22 00:21:27.423314	2
1332	20	38	部門A	2025-03-05 14:32:48	2025-03-22 00:21:27.423314	2
1333	20	39	担当者A	2025-03-05 14:32:48	2025-03-22 00:21:27.423314	2
1334	20	40	2023-10-15	2025-03-05 14:32:48	2025-03-22 00:21:27.423314	2
1335	20	41	担当者B	2025-03-05 14:32:48	2025-03-22 00:21:27.423314	2
1336	20	42	2023-11-22	2025-03-05 14:32:48	2025-03-22 00:21:27.423314	2
1337	20	43	ダミー1	2025-03-05 14:32:48	2025-03-22 00:21:27.423314	2
1338	20	44	ダミー2	2025-03-05 14:32:48	2025-03-22 00:21:27.423314	2
1339	20	45	ダミー3	2025-03-05 14:32:48	2025-03-22 00:21:27.423314	2
1340	20	46	ダミー4	2025-03-05 14:32:48	2025-03-22 00:21:27.423314	2
1341	20	47	ダミー5	2025-03-05 14:32:48	2025-03-22 00:21:27.423314	2
1342	20	48	ダミー6	2025-03-05 14:32:48	2025-03-22 00:21:27.423314	2
1343	20	49	ダミー7	2025-03-05 14:32:48	2025-03-22 00:21:27.423314	2
1344	20	50	ダミー8	2025-03-05 14:32:48	2025-03-22 00:21:27.423314	2
1345	20	51	ダミー9	2025-03-05 14:32:48	2025-03-22 00:21:27.423314	2
1346	20	52	ダミー10	2025-03-05 14:32:48	2025-03-22 00:21:27.423314	2
1347	20	53	ダミー11	2025-03-05 14:32:48	2025-03-22 00:21:27.423314	2
1348	20	54	ダミー12	2025-03-05 14:32:48	2025-03-22 00:21:27.423314	2
1349	20	55	ダミー13	2025-03-05 14:32:48	2025-03-22 00:21:27.423314	2
1350	20	56	ダミー14	2025-03-05 14:32:48	2025-03-22 00:21:27.423314	2
1351	20	57	ダミー15	2025-03-05 14:32:48	2025-03-22 00:21:27.423314	2
1352	20	58	ダミー16	2025-03-05 14:32:48	2025-03-22 00:21:27.423314	2
1353	20	59	ダミー17	2025-03-05 14:32:48	2025-03-22 00:21:27.423314	2
1354	20	60	ダミー18	2025-03-05 14:32:48	2025-03-22 00:21:27.423314	2
1355	20	61	ダミー19	2025-03-05 14:32:48	2025-03-22 00:21:27.423314	2
1356	20	62	ダミー20	2025-03-05 14:32:48	2025-03-22 00:21:27.423314	2
1554	2	86	ダミー2	2025-03-05 14:32:48	2025-03-22 00:21:27.423314	3
697	1	30	1	2025-03-05 14:32:48	2025-03-22 00:21:27.423314	2
698	1	31	2023	2025-03-05 14:32:48	2025-03-22 00:21:27.423314	2
699	1	32	種別A	2025-03-05 14:32:48	2025-03-22 00:21:27.423314	2
700	1	33	B001	2025-03-05 14:32:48	2025-03-22 00:21:27.423314	2
701	1	34	予算名A	2025-03-05 14:32:48	2025-03-22 00:21:27.423314	2
702	1	35	100000	2025-03-05 14:32:48	2025-03-22 00:21:27.423314	2
703	1	36	部門A	2025-03-05 14:32:48	2025-03-22 00:21:27.423314	2
704	1	37	部門B	2025-03-05 14:32:48	2025-03-22 00:21:27.423314	2
705	1	38	部門A	2025-03-05 14:32:48	2025-03-22 00:21:27.423314	2
706	1	39	担当者A	2025-03-05 14:32:48	2025-03-22 00:21:27.423314	2
707	1	40	2023-10-15	2025-03-05 14:32:48	2025-03-22 00:21:27.423314	2
708	1	41	担当者B	2025-03-05 14:32:48	2025-03-22 00:21:27.423314	2
709	1	42	2023-11-22	2025-03-05 14:32:48	2025-03-22 00:21:27.423314	2
710	1	43	ダミー1	2025-03-05 14:32:48	2025-03-22 00:21:27.423314	2
711	1	44	ダミー2	2025-03-05 14:32:48	2025-03-22 00:21:27.423314	2
712	1	45	ダミー3	2025-03-05 14:32:48	2025-03-22 00:21:27.423314	2
713	1	46	ダミー4	2025-03-05 14:32:48	2025-03-22 00:21:27.423314	2
714	1	47	ダミー5	2025-03-05 14:32:48	2025-03-22 00:21:27.423314	2
715	1	48	ダミー6	2025-03-05 14:32:48	2025-03-22 00:21:27.423314	2
716	1	49	ダミー7	2025-03-05 14:32:48	2025-03-22 00:21:27.423314	2
717	1	50	ダミー8	2025-03-05 14:32:48	2025-03-22 00:21:27.423314	2
718	1	51	ダミー9	2025-03-05 14:32:48	2025-03-22 00:21:27.423314	2
719	1	52	ダミー10	2025-03-05 14:32:48	2025-03-22 00:21:27.423314	2
720	1	53	ダミー11	2025-03-05 14:32:48	2025-03-22 00:21:27.423314	2
721	1	54	ダミー12	2025-03-05 14:32:48	2025-03-22 00:21:27.423314	2
722	1	55	ダミー13	2025-03-05 14:32:48	2025-03-22 00:21:27.423314	2
723	1	56	ダミー14	2025-03-05 14:32:48	2025-03-22 00:21:27.423314	2
724	1	57	ダミー15	2025-03-05 14:32:48	2025-03-22 00:21:27.423314	2
725	1	58	ダミー16	2025-03-05 14:32:48	2025-03-22 00:21:27.423314	2
726	1	59	ダミー17	2025-03-05 14:32:48	2025-03-22 00:21:27.423314	2
727	1	60	ダミー18	2025-03-05 14:32:48	2025-03-22 00:21:27.423314	2
728	1	61	ダミー19	2025-03-05 14:32:48	2025-03-22 00:21:27.423314	2
729	1	62	ダミー20	2025-03-05 14:32:48	2025-03-22 00:21:27.423314	2
730	2	30	2	2025-03-05 14:32:48	2025-03-22 00:21:27.423314	2
731	2	31	2023	2025-03-05 14:32:48	2025-03-22 00:21:27.423314	2
732	2	32	種別A	2025-03-05 14:32:48	2025-03-22 00:21:27.423314	2
733	2	33	B001	2025-03-05 14:32:48	2025-03-22 00:21:27.423314	2
1357	21	30	21	2025-03-05 14:32:48	2025-03-22 00:21:27.423314	2
1358	21	31	2025	2025-03-05 14:32:48	2025-03-22 00:21:27.423314	2
1359	21	32	種別B	2025-03-05 14:32:48	2025-03-22 00:21:27.423314	2
1360	21	33	B006	2025-03-05 14:32:48	2025-03-22 00:21:27.423314	2
1361	21	34	予算名A	2025-03-05 14:32:48	2025-03-22 00:21:27.423314	2
1362	21	35	100000	2025-03-05 14:32:48	2025-03-22 00:21:27.423314	2
1363	21	36	部門A	2025-03-05 14:32:48	2025-03-22 00:21:27.423314	2
1364	21	37	部門B	2025-03-05 14:32:48	2025-03-22 00:21:27.423314	2
1365	21	38	部門A	2025-03-05 14:32:48	2025-03-22 00:21:27.423314	2
1366	21	39	担当者A	2025-03-05 14:32:48	2025-03-22 00:21:27.423314	2
1367	21	40	2023-10-15	2025-03-05 14:32:48	2025-03-22 00:21:27.423314	2
1368	21	41	担当者B	2025-03-05 14:32:48	2025-03-22 00:21:27.423314	2
1369	21	42	2023-11-22	2025-03-05 14:32:48	2025-03-22 00:21:27.423314	2
1370	21	43	ダミー1	2025-03-05 14:32:48	2025-03-22 00:21:27.423314	2
1371	21	44	ダミー2	2025-03-05 14:32:48	2025-03-22 00:21:27.423314	2
1372	21	45	ダミー3	2025-03-05 14:32:48	2025-03-22 00:21:27.423314	2
1373	21	46	ダミー4	2025-03-05 14:32:48	2025-03-22 00:21:27.423314	2
1374	21	47	ダミー5	2025-03-05 14:32:48	2025-03-22 00:21:27.423314	2
1375	21	48	ダミー6	2025-03-05 14:32:48	2025-03-22 00:21:27.423314	2
1376	21	49	ダミー7	2025-03-05 14:32:48	2025-03-22 00:21:27.423314	2
1377	21	50	ダミー8	2025-03-05 14:32:48	2025-03-22 00:21:27.423314	2
1378	21	51	ダミー9	2025-03-05 14:32:48	2025-03-22 00:21:27.423314	2
1379	21	52	ダミー10	2025-03-05 14:32:48	2025-03-22 00:21:27.423314	2
1380	21	53	ダミー11	2025-03-05 14:32:48	2025-03-22 00:21:27.423314	2
1555	2	87	ダミー3	2025-03-05 14:32:48	2025-03-22 00:21:27.423314	3
1556	2	88	ダミー4	2025-03-05 14:32:48	2025-03-22 00:21:27.423314	3
1557	2	89	ダミー5	2025-03-05 14:32:48	2025-03-22 00:21:27.423314	3
1558	2	90	ダミー6	2025-03-05 14:32:48	2025-03-22 00:21:27.423314	3
1559	2	91	ダミー7	2025-03-05 14:32:48	2025-03-22 00:21:27.423314	3
1560	2	92	ダミー8	2025-03-05 14:32:48	2025-03-22 00:21:27.423314	3
1561	2	93	ダミー9	2025-03-05 14:32:48	2025-03-22 00:21:27.423314	3
1562	2	94	ダミー10	2025-03-05 14:32:48	2025-03-22 00:21:27.423314	3
1563	2	95	ダミー11	2025-03-05 14:32:48	2025-03-22 00:21:27.423314	3
1564	2	96	ダミー12	2025-03-05 14:32:48	2025-03-22 00:21:27.423314	3
1565	2	97	ダミー13	2025-03-05 14:32:48	2025-03-22 00:21:27.423314	3
1566	2	98	ダミー14	2025-03-05 14:32:48	2025-03-22 00:21:27.423314	3
1567	2	99	ダミー15	2025-03-05 14:32:48	2025-03-22 00:21:27.423314	3
1568	2	100	ダミー16	2025-03-05 14:32:48	2025-03-22 00:21:27.423314	3
1569	2	101	ダミー17	2025-03-05 14:32:48	2025-03-22 00:21:27.423314	3
1570	2	102	ダミー18	2025-03-05 14:32:48	2025-03-22 00:21:27.423314	3
1571	2	103	ダミー19	2025-03-05 14:32:48	2025-03-22 00:21:27.423314	3
1572	2	104	ダミー20	2025-03-05 14:32:48	2025-03-22 00:21:27.423314	3
1573	3	63	3	2025-03-05 14:32:48	2025-03-22 00:21:27.423314	3
1574	3	64	部門A	2025-03-05 14:32:48	2025-03-22 00:21:27.423314	3
1575	3	65	S003	2025-03-05 14:32:48	2025-03-22 00:21:27.423314	3
1576	3	66	システム標準名A	2025-03-05 14:32:48	2025-03-22 00:21:27.423314	3
1577	3	67	システム名A	2025-03-05 14:32:48	2025-03-22 00:21:27.423314	3
1578	3	68	host-003	2025-03-05 14:32:48	2025-03-22 00:21:27.423314	3
1579	3	69	OSv1.0	2025-03-05 14:32:48	2025-03-22 00:21:27.423314	3
1581	3	71	2023-10-01	2025-03-05 14:32:48	2025-03-22 00:21:27.423314	3
1582	3	72	進行中	2025-03-05 14:32:48	2025-03-22 00:21:27.423314	3
1583	3	73	2026-03-31	2025-03-05 14:32:48	2025-03-22 00:21:27.423314	3
1584	3	74	運用移管済	2025-03-05 14:32:48	2025-03-22 00:21:27.423314	3
1585	3	75	2023-11-01	2025-03-05 14:32:48	2025-03-22 00:21:27.423314	3
1586	3	76	2024-01-01	2025-03-05 14:32:48	2025-03-22 00:21:27.423314	3
1587	3	77	バージョン2.0	2025-03-05 14:32:48	2025-03-22 00:21:27.423314	3
1588	3	78	推進中	2025-03-05 14:32:48	2025-03-22 00:21:27.423314	3
1589	3	79	ユーザー部門A	2025-03-05 14:32:48	2025-03-22 00:21:27.423314	3
59	3	1	3	2025-03-05 14:32:48	2025-03-22 00:21:27.423314	1
1590	3	80	費用部門A	2025-03-05 14:32:48	2025-03-22 00:21:27.423314	3
1591	3	81	B001	2025-03-05 14:32:48	2025-03-22 00:21:27.423314	3
1592	3	82	予算名A	2025-03-05 14:32:48	2025-03-22 00:21:27.423314	3
1593	3	83	100000	2025-03-05 14:32:48	2025-03-22 00:21:27.423314	3
1594	3	84	部門B	2025-03-05 14:32:48	2025-03-22 00:21:27.423314	3
1595	3	85	ダミー1	2025-03-05 14:32:48	2025-03-22 00:21:27.423314	3
1596	3	86	ダミー2	2025-03-05 14:32:48	2025-03-22 00:21:27.423314	3
1597	3	87	ダミー3	2025-03-05 14:32:48	2025-03-22 00:21:27.423314	3
1598	3	88	ダミー4	2025-03-05 14:32:48	2025-03-22 00:21:27.423314	3
1599	3	89	ダミー5	2025-03-05 14:32:48	2025-03-22 00:21:27.423314	3
1600	3	90	ダミー6	2025-03-05 14:32:48	2025-03-22 00:21:27.423314	3
1601	3	91	ダミー7	2025-03-05 14:32:48	2025-03-22 00:21:27.423314	3
1602	3	92	ダミー8	2025-03-05 14:32:48	2025-03-22 00:21:27.423314	3
1603	3	93	ダミー9	2025-03-05 14:32:48	2025-03-22 00:21:27.423314	3
1604	3	94	ダミー10	2025-03-05 14:32:48	2025-03-22 00:21:27.423314	3
1605	3	95	ダミー11	2025-03-05 14:32:48	2025-03-22 00:21:27.423314	3
1606	3	96	ダミー12	2025-03-05 14:32:48	2025-03-22 00:21:27.423314	3
1607	3	97	ダミー13	2025-03-05 14:32:48	2025-03-22 00:21:27.423314	3
1608	3	98	ダミー14	2025-03-05 14:32:48	2025-03-22 00:21:27.423314	3
1609	3	99	ダミー15	2025-03-05 14:32:48	2025-03-22 00:21:27.423314	3
1610	3	100	ダミー16	2025-03-05 14:32:48	2025-03-22 00:21:27.423314	3
1611	3	101	ダミー17	2025-03-05 14:32:48	2025-03-22 00:21:27.423314	3
1612	3	102	ダミー18	2025-03-05 14:32:48	2025-03-22 00:21:27.423314	3
1613	3	103	ダミー19	2025-03-05 14:32:48	2025-03-22 00:21:27.423314	3
1614	3	104	ダミー20	2025-03-05 14:32:48	2025-03-22 00:21:27.423314	3
1615	4	63	4	2025-03-05 14:32:48	2025-03-22 00:21:27.423314	3
1616	4	64	部門A	2025-03-05 14:32:48	2025-03-22 00:21:27.423314	3
1617	4	65	S004	2025-03-05 14:32:48	2025-03-22 00:21:27.423314	3
1618	4	66	システム標準名A	2025-03-05 14:32:48	2025-03-22 00:21:27.423314	3
1619	4	67	システム名A	2025-03-05 14:32:48	2025-03-22 00:21:27.423314	3
1620	4	68	host-004	2025-03-05 14:32:48	2025-03-22 00:21:27.423314	3
1621	4	69	OSv1.0	2025-03-05 14:32:48	2025-03-22 00:21:27.423314	3
1622	4	70	2023-01-01	2025-03-05 14:32:48	2025-03-22 00:21:27.423314	3
1623	4	71	2023-10-01	2025-03-05 14:32:48	2025-03-22 00:21:27.423314	3
1624	4	72	進行中	2025-03-05 14:32:48	2025-03-22 00:21:27.423314	3
1625	4	73	2026-03-31	2025-03-05 14:32:48	2025-03-22 00:21:27.423314	3
1626	4	74	運用移管済	2025-03-05 14:32:48	2025-03-22 00:21:27.423314	3
1627	4	75	2023-11-01	2025-03-05 14:32:48	2025-03-22 00:21:27.423314	3
1628	4	76	2024-01-01	2025-03-05 14:32:48	2025-03-22 00:21:27.423314	3
1629	4	77	バージョン2.0	2025-03-05 14:32:48	2025-03-22 00:21:27.423314	3
1630	4	78	推進中	2025-03-05 14:32:48	2025-03-22 00:21:27.423314	3
1631	4	79	ユーザー部門A	2025-03-05 14:32:48	2025-03-22 00:21:27.423314	3
1632	4	80	費用部門A	2025-03-05 14:32:48	2025-03-22 00:21:27.423314	3
1633	4	81	B001	2025-03-05 14:32:48	2025-03-22 00:21:27.423314	3
1634	4	82	予算名A	2025-03-05 14:32:48	2025-03-22 00:21:27.423314	3
1635	4	83	100000	2025-03-05 14:32:48	2025-03-22 00:21:27.423314	3
1636	4	84	部門B	2025-03-05 14:32:48	2025-03-22 00:21:27.423314	3
1637	4	85	ダミー1	2025-03-05 14:32:48	2025-03-22 00:21:27.423314	3
1638	4	86	ダミー2	2025-03-05 14:32:48	2025-03-22 00:21:27.423314	3
1639	4	87	ダミー3	2025-03-05 14:32:48	2025-03-22 00:21:27.423314	3
1640	4	88	ダミー4	2025-03-05 14:32:48	2025-03-22 00:21:27.423314	3
1641	4	89	ダミー5	2025-03-05 14:32:48	2025-03-22 00:21:27.423314	3
1642	4	90	ダミー6	2025-03-05 14:32:48	2025-03-22 00:21:27.423314	3
1643	4	91	ダミー7	2025-03-05 14:32:48	2025-03-22 00:21:27.423314	3
1644	4	92	ダミー8	2025-03-05 14:32:48	2025-03-22 00:21:27.423314	3
1645	4	93	ダミー9	2025-03-05 14:32:48	2025-03-22 00:21:27.423314	3
1646	4	94	ダミー10	2025-03-05 14:32:48	2025-03-22 00:21:27.423314	3
1647	4	95	ダミー11	2025-03-05 14:32:48	2025-03-22 00:21:27.423314	3
1648	4	96	ダミー12	2025-03-05 14:32:48	2025-03-22 00:21:27.423314	3
1649	4	97	ダミー13	2025-03-05 14:32:48	2025-03-22 00:21:27.423314	3
1650	4	98	ダミー14	2025-03-05 14:32:48	2025-03-22 00:21:27.423314	3
1651	4	99	ダミー15	2025-03-05 14:32:48	2025-03-22 00:21:27.423314	3
1652	4	100	ダミー16	2025-03-05 14:32:48	2025-03-22 00:21:27.423314	3
1653	4	101	ダミー17	2025-03-05 14:32:48	2025-03-22 00:21:27.423314	3
1654	4	102	ダミー18	2025-03-05 14:32:48	2025-03-22 00:21:27.423314	3
1655	4	103	ダミー19	2025-03-05 14:32:48	2025-03-22 00:21:27.423314	3
1656	4	104	ダミー20	2025-03-05 14:32:48	2025-03-22 00:21:27.423314	3
1657	5	63	5	2025-03-05 14:32:48	2025-03-22 00:21:27.423314	3
1658	5	64	部門A	2025-03-05 14:32:48	2025-03-22 00:21:27.423314	3
1659	5	65	S005	2025-03-05 14:32:48	2025-03-22 00:21:27.423314	3
1660	5	66	システム標準名B	2025-03-05 14:32:48	2025-03-22 00:21:27.423314	3
1661	5	67	システム名B	2025-03-05 14:32:48	2025-03-22 00:21:27.423314	3
1662	5	68	host-005	2025-03-05 14:32:48	2025-03-22 00:21:27.423314	3
1663	5	69	OSv1.0	2025-03-05 14:32:48	2025-03-22 00:21:27.423314	3
1664	5	70	2023-01-01	2025-03-05 14:32:48	2025-03-22 00:21:27.423314	3
1665	5	71	2023-10-01	2025-03-05 14:32:48	2025-03-22 00:21:27.423314	3
1666	5	72	進行中	2025-03-05 14:32:48	2025-03-22 00:21:27.423314	3
1667	5	73	2026-03-31	2025-03-05 14:32:48	2025-03-22 00:21:27.423314	3
1668	5	74	運用移管済	2025-03-05 14:32:48	2025-03-22 00:21:27.423314	3
1669	5	75	2023-11-01	2025-03-05 14:32:48	2025-03-22 00:21:27.423314	3
1670	5	76	2024-01-01	2025-03-05 14:32:48	2025-03-22 00:21:27.423314	3
1671	5	77	バージョン2.0	2025-03-05 14:32:48	2025-03-22 00:21:27.423314	3
1672	5	78	推進中	2025-03-05 14:32:48	2025-03-22 00:21:27.423314	3
1673	5	79	ユーザー部門A	2025-03-05 14:32:48	2025-03-22 00:21:27.423314	3
1674	5	80	費用部門A	2025-03-05 14:32:48	2025-03-22 00:21:27.423314	3
1675	5	81	B001	2025-03-05 14:32:48	2025-03-22 00:21:27.423314	3
1676	5	82	予算名A	2025-03-05 14:32:48	2025-03-22 00:21:27.423314	3
1677	5	83	100000	2025-03-05 14:32:48	2025-03-22 00:21:27.423314	3
1678	5	84	部門B	2025-03-05 14:32:48	2025-03-22 00:21:27.423314	3
1679	5	85	ダミー1	2025-03-05 14:32:48	2025-03-22 00:21:27.423314	3
1680	5	86	ダミー2	2025-03-05 14:32:48	2025-03-22 00:21:27.423314	3
1681	5	87	ダミー3	2025-03-05 14:32:48	2025-03-22 00:21:27.423314	3
1682	5	88	ダミー4	2025-03-05 14:32:48	2025-03-22 00:21:27.423314	3
60	3	2	テーマA	2025-03-05 14:32:48	2025-03-22 00:21:27.423314	1
1683	5	89	ダミー5	2025-03-05 14:32:48	2025-03-22 00:21:27.423314	3
1684	5	90	ダミー6	2025-03-05 14:32:48	2025-03-22 00:21:27.423314	3
1685	5	91	ダミー7	2025-03-05 14:32:48	2025-03-22 00:21:27.423314	3
1686	5	92	ダミー8	2025-03-05 14:32:48	2025-03-22 00:21:27.423314	3
1687	5	93	ダミー9	2025-03-05 14:32:48	2025-03-22 00:21:27.423314	3
1688	5	94	ダミー10	2025-03-05 14:32:48	2025-03-22 00:21:27.423314	3
1689	5	95	ダミー11	2025-03-05 14:32:48	2025-03-22 00:21:27.423314	3
1690	5	96	ダミー12	2025-03-05 14:32:48	2025-03-22 00:21:27.423314	3
1691	5	97	ダミー13	2025-03-05 14:32:48	2025-03-22 00:21:27.423314	3
1692	5	98	ダミー14	2025-03-05 14:32:48	2025-03-22 00:21:27.423314	3
1693	5	99	ダミー15	2025-03-05 14:32:48	2025-03-22 00:21:27.423314	3
1694	5	100	ダミー16	2025-03-05 14:32:48	2025-03-22 00:21:27.423314	3
1695	5	101	ダミー17	2025-03-05 14:32:48	2025-03-22 00:21:27.423314	3
1696	5	102	ダミー18	2025-03-05 14:32:48	2025-03-22 00:21:27.423314	3
1697	5	103	ダミー19	2025-03-05 14:32:48	2025-03-22 00:21:27.423314	3
1698	5	104	ダミー20	2025-03-05 14:32:48	2025-03-22 00:21:27.423314	3
1699	6	63	6	2025-03-05 14:32:48	2025-03-22 00:21:27.423314	3
1700	6	64	部門A	2025-03-05 14:32:48	2025-03-22 00:21:27.423314	3
1701	6	65	S006	2025-03-05 14:32:48	2025-03-22 00:21:27.423314	3
1702	6	66	システム標準名B	2025-03-05 14:32:48	2025-03-22 00:21:27.423314	3
1703	6	67	システム名B	2025-03-05 14:32:48	2025-03-22 00:21:27.423314	3
1704	6	68	host-006	2025-03-05 14:32:48	2025-03-22 00:21:27.423314	3
1705	6	69	OSv1.0	2025-03-05 14:32:48	2025-03-22 00:21:27.423314	3
1706	6	70	2023-01-01	2025-03-05 14:32:48	2025-03-22 00:21:27.423314	3
1707	6	71	2023-10-01	2025-03-05 14:32:48	2025-03-22 00:21:27.423314	3
1708	6	72	進行中	2025-03-05 14:32:48	2025-03-22 00:21:27.423314	3
1709	6	73	2026-03-31	2025-03-05 14:32:48	2025-03-22 00:21:27.423314	3
1710	6	74	運用移管済	2025-03-05 14:32:48	2025-03-22 00:21:27.423314	3
1711	6	75	2023-11-01	2025-03-05 14:32:48	2025-03-22 00:21:27.423314	3
1712	6	76	2024-01-01	2025-03-05 14:32:48	2025-03-22 00:21:27.423314	3
1713	6	77	バージョン2.0	2025-03-05 14:32:48	2025-03-22 00:21:27.423314	3
1714	6	78	推進中	2025-03-05 14:32:48	2025-03-22 00:21:27.423314	3
1715	6	79	ユーザー部門A	2025-03-05 14:32:48	2025-03-22 00:21:27.423314	3
1716	6	80	費用部門A	2025-03-05 14:32:48	2025-03-22 00:21:27.423314	3
1717	6	81	B001	2025-03-05 14:32:48	2025-03-22 00:21:27.423314	3
1718	6	82	予算名A	2025-03-05 14:32:48	2025-03-22 00:21:27.423314	3
1719	6	83	100000	2025-03-05 14:32:48	2025-03-22 00:21:27.423314	3
1720	6	84	部門B	2025-03-05 14:32:48	2025-03-22 00:21:27.423314	3
1721	6	85	ダミー1	2025-03-05 14:32:48	2025-03-22 00:21:27.423314	3
1722	6	86	ダミー2	2025-03-05 14:32:48	2025-03-22 00:21:27.423314	3
1723	6	87	ダミー3	2025-03-05 14:32:48	2025-03-22 00:21:27.423314	3
1724	6	88	ダミー4	2025-03-05 14:32:48	2025-03-22 00:21:27.423314	3
1725	6	89	ダミー5	2025-03-05 14:32:48	2025-03-22 00:21:27.423314	3
1726	6	90	ダミー6	2025-03-05 14:32:48	2025-03-22 00:21:27.423314	3
1727	6	91	ダミー7	2025-03-05 14:32:48	2025-03-22 00:21:27.423314	3
1728	6	92	ダミー8	2025-03-05 14:32:48	2025-03-22 00:21:27.423314	3
1729	6	93	ダミー9	2025-03-05 14:32:48	2025-03-22 00:21:27.423314	3
1730	6	94	ダミー10	2025-03-05 14:32:48	2025-03-22 00:21:27.423314	3
1731	6	95	ダミー11	2025-03-05 14:32:48	2025-03-22 00:21:27.423314	3
1732	6	96	ダミー12	2025-03-05 14:32:48	2025-03-22 00:21:27.423314	3
1733	6	97	ダミー13	2025-03-05 14:32:48	2025-03-22 00:21:27.423314	3
1734	6	98	ダミー14	2025-03-05 14:32:48	2025-03-22 00:21:27.423314	3
1735	6	99	ダミー15	2025-03-05 14:32:48	2025-03-22 00:21:27.423314	3
1736	6	100	ダミー16	2025-03-05 14:32:48	2025-03-22 00:21:27.423314	3
1737	6	101	ダミー17	2025-03-05 14:32:48	2025-03-22 00:21:27.423314	3
1738	6	102	ダミー18	2025-03-05 14:32:48	2025-03-22 00:21:27.423314	3
1739	6	103	ダミー19	2025-03-05 14:32:48	2025-03-22 00:21:27.423314	3
1740	6	104	ダミー20	2025-03-05 14:32:48	2025-03-22 00:21:27.423314	3
1741	7	63	7	2025-03-05 14:32:48	2025-03-22 00:21:27.423314	3
1742	7	64	部門A	2025-03-05 14:32:48	2025-03-22 00:21:27.423314	3
1743	7	65	S007	2025-03-05 14:32:48	2025-03-22 00:21:27.423314	3
1744	7	66	システム標準名B	2025-03-05 14:32:48	2025-03-22 00:21:27.423314	3
1745	7	67	システム名B	2025-03-05 14:32:48	2025-03-22 00:21:27.423314	3
1746	7	68	host-007	2025-03-05 14:32:48	2025-03-22 00:21:27.423314	3
1747	7	69	OSv1.0	2025-03-05 14:32:48	2025-03-22 00:21:27.423314	3
1748	7	70	2023-01-01	2025-03-05 14:32:48	2025-03-22 00:21:27.423314	3
1749	7	71	2023-10-01	2025-03-05 14:32:48	2025-03-22 00:21:27.423314	3
1750	7	72	進行中	2025-03-05 14:32:48	2025-03-22 00:21:27.423314	3
1751	7	73	2026-03-31	2025-03-05 14:32:48	2025-03-22 00:21:27.423314	3
1752	7	74	運用移管済	2025-03-05 14:32:48	2025-03-22 00:21:27.423314	3
1753	7	75	2023-11-01	2025-03-05 14:32:48	2025-03-22 00:21:27.423314	3
1754	7	76	2024-01-01	2025-03-05 14:32:48	2025-03-22 00:21:27.423314	3
1755	7	77	バージョン2.0	2025-03-05 14:32:48	2025-03-22 00:21:27.423314	3
1756	7	78	推進中	2025-03-05 14:32:48	2025-03-22 00:21:27.423314	3
1757	7	79	ユーザー部門A	2025-03-05 14:32:48	2025-03-22 00:21:27.423314	3
1758	7	80	費用部門A	2025-03-05 14:32:48	2025-03-22 00:21:27.423314	3
1759	7	81	B001	2025-03-05 14:32:48	2025-03-22 00:21:27.423314	3
1760	7	82	予算名A	2025-03-05 14:32:48	2025-03-22 00:21:27.423314	3
1761	7	83	100000	2025-03-05 14:32:48	2025-03-22 00:21:27.423314	3
1762	7	84	部門B	2025-03-05 14:32:48	2025-03-22 00:21:27.423314	3
1763	7	85	ダミー1	2025-03-05 14:32:48	2025-03-22 00:21:27.423314	3
1764	7	86	ダミー2	2025-03-05 14:32:48	2025-03-22 00:21:27.423314	3
1765	7	87	ダミー3	2025-03-05 14:32:48	2025-03-22 00:21:27.423314	3
1766	7	88	ダミー4	2025-03-05 14:32:48	2025-03-22 00:21:27.423314	3
1767	7	89	ダミー5	2025-03-05 14:32:48	2025-03-22 00:21:27.423314	3
1768	7	90	ダミー6	2025-03-05 14:32:48	2025-03-22 00:21:27.423314	3
1769	7	91	ダミー7	2025-03-05 14:32:48	2025-03-22 00:21:27.423314	3
1770	7	92	ダミー8	2025-03-05 14:32:48	2025-03-22 00:21:27.423314	3
1771	7	93	ダミー9	2025-03-05 14:32:48	2025-03-22 00:21:27.423314	3
1772	7	94	ダミー10	2025-03-05 14:32:48	2025-03-22 00:21:27.423314	3
1773	7	95	ダミー11	2025-03-05 14:32:48	2025-03-22 00:21:27.423314	3
1774	7	96	ダミー12	2025-03-05 14:32:48	2025-03-22 00:21:27.423314	3
1775	7	97	ダミー13	2025-03-05 14:32:48	2025-03-22 00:21:27.423314	3
1776	7	98	ダミー14	2025-03-05 14:32:48	2025-03-22 00:21:27.423314	3
1777	7	99	ダミー15	2025-03-05 14:32:48	2025-03-22 00:21:27.423314	3
1778	7	100	ダミー16	2025-03-05 14:32:48	2025-03-22 00:21:27.423314	3
1779	7	101	ダミー17	2025-03-05 14:32:48	2025-03-22 00:21:27.423314	3
1780	7	102	ダミー18	2025-03-05 14:32:48	2025-03-22 00:21:27.423314	3
1781	7	103	ダミー19	2025-03-05 14:32:48	2025-03-22 00:21:27.423314	3
1782	7	104	ダミー20	2025-03-05 14:32:48	2025-03-22 00:21:27.423314	3
1783	8	63	8	2025-03-05 14:32:48	2025-03-22 00:21:27.423314	3
1784	8	64	部門A	2025-03-05 14:32:48	2025-03-22 00:21:27.423314	3
1785	8	65	S008	2025-03-05 14:32:48	2025-03-22 00:21:27.423314	3
1786	8	66	システム標準名B	2025-03-05 14:32:48	2025-03-22 00:21:27.423314	3
1787	8	67	システム名B	2025-03-05 14:32:48	2025-03-22 00:21:27.423314	3
1788	8	68	host-008	2025-03-05 14:32:48	2025-03-22 00:21:27.423314	3
1789	8	69	OSv1.0	2025-03-05 14:32:48	2025-03-22 00:21:27.423314	3
1790	8	70	2023-01-01	2025-03-05 14:32:48	2025-03-22 00:21:27.423314	3
1791	8	71	2023-10-01	2025-03-05 14:32:48	2025-03-22 00:21:27.423314	3
1792	8	72	進行中	2025-03-05 14:32:48	2025-03-22 00:21:27.423314	3
1793	8	73	2026-03-31	2025-03-05 14:32:48	2025-03-22 00:21:27.423314	3
1794	8	74	運用移管済	2025-03-05 14:32:48	2025-03-22 00:21:27.423314	3
1795	8	75	2023-11-01	2025-03-05 14:32:48	2025-03-22 00:21:27.423314	3
1796	8	76	2024-01-01	2025-03-05 14:32:48	2025-03-22 00:21:27.423314	3
1797	8	77	バージョン2.0	2025-03-05 14:32:48	2025-03-22 00:21:27.423314	3
1798	8	78	推進中	2025-03-05 14:32:48	2025-03-22 00:21:27.423314	3
1799	8	79	ユーザー部門A	2025-03-05 14:32:48	2025-03-22 00:21:27.423314	3
1800	8	80	費用部門A	2025-03-05 14:32:48	2025-03-22 00:21:27.423314	3
1801	8	81	B001	2025-03-05 14:32:48	2025-03-22 00:21:27.423314	3
1802	8	82	予算名A	2025-03-05 14:32:48	2025-03-22 00:21:27.423314	3
1803	8	83	100000	2025-03-05 14:32:48	2025-03-22 00:21:27.423314	3
1804	8	84	部門B	2025-03-05 14:32:48	2025-03-22 00:21:27.423314	3
1805	8	85	ダミー1	2025-03-05 14:32:48	2025-03-22 00:21:27.423314	3
1806	8	86	ダミー2	2025-03-05 14:32:48	2025-03-22 00:21:27.423314	3
1807	8	87	ダミー3	2025-03-05 14:32:48	2025-03-22 00:21:27.423314	3
1808	8	88	ダミー4	2025-03-05 14:32:48	2025-03-22 00:21:27.423314	3
1809	8	89	ダミー5	2025-03-05 14:32:48	2025-03-22 00:21:27.423314	3
1810	8	90	ダミー6	2025-03-05 14:32:48	2025-03-22 00:21:27.423314	3
1811	8	91	ダミー7	2025-03-05 14:32:48	2025-03-22 00:21:27.423314	3
1812	8	92	ダミー8	2025-03-05 14:32:48	2025-03-22 00:21:27.423314	3
1813	8	93	ダミー9	2025-03-05 14:32:48	2025-03-22 00:21:27.423314	3
1814	8	94	ダミー10	2025-03-05 14:32:48	2025-03-22 00:21:27.423314	3
1815	8	95	ダミー11	2025-03-05 14:32:48	2025-03-22 00:21:27.423314	3
1816	8	96	ダミー12	2025-03-05 14:32:48	2025-03-22 00:21:27.423314	3
1817	8	97	ダミー13	2025-03-05 14:32:48	2025-03-22 00:21:27.423314	3
1818	8	98	ダミー14	2025-03-05 14:32:48	2025-03-22 00:21:27.423314	3
1819	8	99	ダミー15	2025-03-05 14:32:48	2025-03-22 00:21:27.423314	3
1820	8	100	ダミー16	2025-03-05 14:32:48	2025-03-22 00:21:27.423314	3
1821	8	101	ダミー17	2025-03-05 14:32:48	2025-03-22 00:21:27.423314	3
1822	8	102	ダミー18	2025-03-05 14:32:48	2025-03-22 00:21:27.423314	3
1823	8	103	ダミー19	2025-03-05 14:32:48	2025-03-22 00:21:27.423314	3
1824	8	104	ダミー20	2025-03-05 14:32:48	2025-03-22 00:21:27.423314	3
1825	9	63	9	2025-03-05 14:32:48	2025-03-22 00:21:27.423314	3
1826	9	64	部門A	2025-03-05 14:32:48	2025-03-22 00:21:27.423314	3
1827	9	65	S009	2025-03-05 14:32:48	2025-03-22 00:21:27.423314	3
1828	9	66	システム標準名C	2025-03-05 14:32:48	2025-03-22 00:21:27.423314	3
1829	9	67	システム名C	2025-03-05 14:32:48	2025-03-22 00:21:27.423314	3
1830	9	68	host-009	2025-03-05 14:32:48	2025-03-22 00:21:27.423314	3
1831	9	69	OSv1.0	2025-03-05 14:32:48	2025-03-22 00:21:27.423314	3
1832	9	70	2023-01-01	2025-03-05 14:32:48	2025-03-22 00:21:27.423314	3
1833	9	71	2023-10-01	2025-03-05 14:32:48	2025-03-22 00:21:27.423314	3
1834	9	72	進行中	2025-03-05 14:32:48	2025-03-22 00:21:27.423314	3
1835	9	73	2026-03-31	2025-03-05 14:32:48	2025-03-22 00:21:27.423314	3
1836	9	74	運用移管済	2025-03-05 14:32:48	2025-03-22 00:21:27.423314	3
1837	9	75	2023-11-01	2025-03-05 14:32:48	2025-03-22 00:21:27.423314	3
1838	9	76	2024-01-01	2025-03-05 14:32:48	2025-03-22 00:21:27.423314	3
1839	9	77	バージョン2.0	2025-03-05 14:32:48	2025-03-22 00:21:27.423314	3
1840	9	78	推進中	2025-03-05 14:32:48	2025-03-22 00:21:27.423314	3
1842	9	80	費用部門A	2025-03-05 14:32:48	2025-03-22 00:21:27.423314	3
1843	9	81	B001	2025-03-05 14:32:48	2025-03-22 00:21:27.423314	3
1844	9	82	予算名A	2025-03-05 14:32:48	2025-03-22 00:21:27.423314	3
1845	9	83	100000	2025-03-05 14:32:48	2025-03-22 00:21:27.423314	3
1846	9	84	部門B	2025-03-05 14:32:48	2025-03-22 00:21:27.423314	3
1847	9	85	ダミー1	2025-03-05 14:32:48	2025-03-22 00:21:27.423314	3
1848	9	86	ダミー2	2025-03-05 14:32:48	2025-03-22 00:21:27.423314	3
1849	9	87	ダミー3	2025-03-05 14:32:48	2025-03-22 00:21:27.423314	3
1850	9	88	ダミー4	2025-03-05 14:32:48	2025-03-22 00:21:27.423314	3
1851	9	89	ダミー5	2025-03-05 14:32:48	2025-03-22 00:21:27.423314	3
1852	9	90	ダミー6	2025-03-05 14:32:48	2025-03-22 00:21:27.423314	3
1853	9	91	ダミー7	2025-03-05 14:32:48	2025-03-22 00:21:27.423314	3
1854	9	92	ダミー8	2025-03-05 14:32:48	2025-03-22 00:21:27.423314	3
1855	9	93	ダミー9	2025-03-05 14:32:48	2025-03-22 00:21:27.423314	3
1856	9	94	ダミー10	2025-03-05 14:32:48	2025-03-22 00:21:27.423314	3
1857	9	95	ダミー11	2025-03-05 14:32:48	2025-03-22 00:21:27.423314	3
1858	9	96	ダミー12	2025-03-05 14:32:48	2025-03-22 00:21:27.423314	3
1859	9	97	ダミー13	2025-03-05 14:32:48	2025-03-22 00:21:27.423314	3
1860	9	98	ダミー14	2025-03-05 14:32:48	2025-03-22 00:21:27.423314	3
1861	9	99	ダミー15	2025-03-05 14:32:48	2025-03-22 00:21:27.423314	3
1862	9	100	ダミー16	2025-03-05 14:32:48	2025-03-22 00:21:27.423314	3
1863	9	101	ダミー17	2025-03-05 14:32:48	2025-03-22 00:21:27.423314	3
1864	9	102	ダミー18	2025-03-05 14:32:48	2025-03-22 00:21:27.423314	3
1865	9	103	ダミー19	2025-03-05 14:32:48	2025-03-22 00:21:27.423314	3
1866	9	104	ダミー20	2025-03-05 14:32:48	2025-03-22 00:21:27.423314	3
1867	10	63	10	2025-03-05 14:32:48	2025-03-22 00:21:27.423314	3
1868	10	64	部門A	2025-03-05 14:32:48	2025-03-22 00:21:27.423314	3
1869	10	65	S010	2025-03-05 14:32:48	2025-03-22 00:21:27.423314	3
1870	10	66	システム標準名C	2025-03-05 14:32:48	2025-03-22 00:21:27.423314	3
1871	10	67	システム名C	2025-03-05 14:32:48	2025-03-22 00:21:27.423314	3
1872	10	68	host-010	2025-03-05 14:32:48	2025-03-22 00:21:27.423314	3
1873	10	69	OSv1.0	2025-03-05 14:32:48	2025-03-22 00:21:27.423314	3
1875	10	71	2023-10-01	2025-03-05 14:32:48	2025-03-22 00:21:27.423314	3
1876	10	72	進行中	2025-03-05 14:32:48	2025-03-22 00:21:27.423314	3
1877	10	73	2026-03-31	2025-03-05 14:32:48	2025-03-22 00:21:27.423314	3
1878	10	74	運用移管済	2025-03-05 14:32:48	2025-03-22 00:21:27.423314	3
1879	10	75	2023-11-01	2025-03-05 14:32:48	2025-03-22 00:21:27.423314	3
1880	10	76	2024-01-01	2025-03-05 14:32:48	2025-03-22 00:21:27.423314	3
1881	10	77	バージョン2.0	2025-03-05 14:32:48	2025-03-22 00:21:27.423314	3
1882	10	78	推進中	2025-03-05 14:32:48	2025-03-22 00:21:27.423314	3
1883	10	79	ユーザー部門A	2025-03-05 14:32:48	2025-03-22 00:21:27.423314	3
1884	10	80	費用部門A	2025-03-05 14:32:48	2025-03-22 00:21:27.423314	3
1885	10	81	B001	2025-03-05 14:32:48	2025-03-22 00:21:27.423314	3
1886	10	82	予算名A	2025-03-05 14:32:48	2025-03-22 00:21:27.423314	3
1887	10	83	100000	2025-03-05 14:32:48	2025-03-22 00:21:27.423314	3
1888	10	84	部門B	2025-03-05 14:32:48	2025-03-22 00:21:27.423314	3
1889	10	85	ダミー1	2025-03-05 14:32:48	2025-03-22 00:21:27.423314	3
1890	10	86	ダミー2	2025-03-05 14:32:48	2025-03-22 00:21:27.423314	3
1891	10	87	ダミー3	2025-03-05 14:32:48	2025-03-22 00:21:27.423314	3
1892	10	88	ダミー4	2025-03-05 14:32:48	2025-03-22 00:21:27.423314	3
1893	10	89	ダミー5	2025-03-05 14:32:48	2025-03-22 00:21:27.423314	3
1894	10	90	ダミー6	2025-03-05 14:32:48	2025-03-22 00:21:27.423314	3
1895	10	91	ダミー7	2025-03-05 14:32:48	2025-03-22 00:21:27.423314	3
1896	10	92	ダミー8	2025-03-05 14:32:48	2025-03-22 00:21:27.423314	3
1897	10	93	ダミー9	2025-03-05 14:32:48	2025-03-22 00:21:27.423314	3
1898	10	94	ダミー10	2025-03-05 14:32:48	2025-03-22 00:21:27.423314	3
1899	10	95	ダミー11	2025-03-05 14:32:48	2025-03-22 00:21:27.423314	3
1900	10	96	ダミー12	2025-03-05 14:32:48	2025-03-22 00:21:27.423314	3
1901	10	97	ダミー13	2025-03-05 14:32:48	2025-03-22 00:21:27.423314	3
1902	10	98	ダミー14	2025-03-05 14:32:48	2025-03-22 00:21:27.423314	3
1903	10	99	ダミー15	2025-03-05 14:32:48	2025-03-22 00:21:27.423314	3
1904	10	100	ダミー16	2025-03-05 14:32:48	2025-03-22 00:21:27.423314	3
1905	10	101	ダミー17	2025-03-05 14:32:48	2025-03-22 00:21:27.423314	3
1906	10	102	ダミー18	2025-03-05 14:32:48	2025-03-22 00:21:27.423314	3
1907	10	103	ダミー19	2025-03-05 14:32:48	2025-03-22 00:21:27.423314	3
1908	10	104	ダミー20	2025-03-05 14:32:48	2025-03-22 00:21:27.423314	3
1909	11	63	11	2025-03-05 14:32:48	2025-03-22 00:21:27.423314	3
1910	11	64	部門A	2025-03-05 14:32:48	2025-03-22 00:21:27.423314	3
1911	11	65	S011	2025-03-05 14:32:48	2025-03-22 00:21:27.423314	3
1912	11	66	システム標準名C	2025-03-05 14:32:48	2025-03-22 00:21:27.423314	3
1913	11	67	システム名C	2025-03-05 14:32:48	2025-03-22 00:21:27.423314	3
1914	11	68	host-011	2025-03-05 14:32:48	2025-03-22 00:21:27.423314	3
1915	11	69	OSv1.0	2025-03-05 14:32:48	2025-03-22 00:21:27.423314	3
1916	11	70	2023-01-01	2025-03-05 14:32:48	2025-03-22 00:21:27.423314	3
1917	11	71	2023-10-01	2025-03-05 14:32:48	2025-03-22 00:21:27.423314	3
1918	11	72	進行中	2025-03-05 14:32:48	2025-03-22 00:21:27.423314	3
1919	11	73	2026-03-31	2025-03-05 14:32:48	2025-03-22 00:21:27.423314	3
1920	11	74	運用移管済	2025-03-05 14:32:48	2025-03-22 00:21:27.423314	3
1921	11	75	2023-11-01	2025-03-05 14:32:48	2025-03-22 00:21:27.423314	3
1922	11	76	2024-01-01	2025-03-05 14:32:48	2025-03-22 00:21:27.423314	3
1923	11	77	バージョン2.0	2025-03-05 14:32:48	2025-03-22 00:21:27.423314	3
1924	11	78	推進中	2025-03-05 14:32:48	2025-03-22 00:21:27.423314	3
1925	11	79	ユーザー部門A	2025-03-05 14:32:48	2025-03-22 00:21:27.423314	3
1926	11	80	費用部門A	2025-03-05 14:32:48	2025-03-22 00:21:27.423314	3
1927	11	81	B001	2025-03-05 14:32:48	2025-03-22 00:21:27.423314	3
1928	11	82	予算名A	2025-03-05 14:32:48	2025-03-22 00:21:27.423314	3
1929	11	83	100000	2025-03-05 14:32:48	2025-03-22 00:21:27.423314	3
1930	11	84	部門B	2025-03-05 14:32:48	2025-03-22 00:21:27.423314	3
1931	11	85	ダミー1	2025-03-05 14:32:48	2025-03-22 00:21:27.423314	3
1932	11	86	ダミー2	2025-03-05 14:32:48	2025-03-22 00:21:27.423314	3
1933	11	87	ダミー3	2025-03-05 14:32:48	2025-03-22 00:21:27.423314	3
1934	11	88	ダミー4	2025-03-05 14:32:48	2025-03-22 00:21:27.423314	3
1935	11	89	ダミー5	2025-03-05 14:32:48	2025-03-22 00:21:27.423314	3
1936	11	90	ダミー6	2025-03-05 14:32:48	2025-03-22 00:21:27.423314	3
1937	11	91	ダミー7	2025-03-05 14:32:48	2025-03-22 00:21:27.423314	3
1938	11	92	ダミー8	2025-03-05 14:32:48	2025-03-22 00:21:27.423314	3
1939	11	93	ダミー9	2025-03-05 14:32:48	2025-03-22 00:21:27.423314	3
1940	11	94	ダミー10	2025-03-05 14:32:48	2025-03-22 00:21:27.423314	3
1941	11	95	ダミー11	2025-03-05 14:32:48	2025-03-22 00:21:27.423314	3
1942	11	96	ダミー12	2025-03-05 14:32:48	2025-03-22 00:21:27.423314	3
1943	11	97	ダミー13	2025-03-05 14:32:48	2025-03-22 00:21:27.423314	3
1944	11	98	ダミー14	2025-03-05 14:32:48	2025-03-22 00:21:27.423314	3
1945	11	99	ダミー15	2025-03-05 14:32:48	2025-03-22 00:21:27.423314	3
1946	11	100	ダミー16	2025-03-05 14:32:48	2025-03-22 00:21:27.423314	3
1947	11	101	ダミー17	2025-03-05 14:32:48	2025-03-22 00:21:27.423314	3
1948	11	102	ダミー18	2025-03-05 14:32:48	2025-03-22 00:21:27.423314	3
1949	11	103	ダミー19	2025-03-05 14:32:48	2025-03-22 00:21:27.423314	3
1950	11	104	ダミー20	2025-03-05 14:32:48	2025-03-22 00:21:27.423314	3
1951	12	63	12	2025-03-05 14:32:48	2025-03-22 00:21:27.423314	3
1952	12	64	部門A	2025-03-05 14:32:48	2025-03-22 00:21:27.423314	3
1953	12	65	S012	2025-03-05 14:32:48	2025-03-22 00:21:27.423314	3
1954	12	66	システム標準名C	2025-03-05 14:32:48	2025-03-22 00:21:27.423314	3
1955	12	67	システム名C	2025-03-05 14:32:48	2025-03-22 00:21:27.423314	3
1956	12	68	host-012	2025-03-05 14:32:48	2025-03-22 00:21:27.423314	3
1957	12	69	OSv1.0	2025-03-05 14:32:48	2025-03-22 00:21:27.423314	3
1958	12	70	2023-01-01	2025-03-05 14:32:48	2025-03-22 00:21:27.423314	3
1959	12	71	2023-10-01	2025-03-05 14:32:48	2025-03-22 00:21:27.423314	3
1960	12	72	進行中	2025-03-05 14:32:48	2025-03-22 00:21:27.423314	3
1961	12	73	2026-03-31	2025-03-05 14:32:48	2025-03-22 00:21:27.423314	3
1962	12	74	運用移管済	2025-03-05 14:32:48	2025-03-22 00:21:27.423314	3
1963	12	75	2023-11-01	2025-03-05 14:32:48	2025-03-22 00:21:27.423314	3
1964	12	76	2024-01-01	2025-03-05 14:32:48	2025-03-22 00:21:27.423314	3
1965	12	77	バージョン2.0	2025-03-05 14:32:48	2025-03-22 00:21:27.423314	3
1966	12	78	推進中	2025-03-05 14:32:48	2025-03-22 00:21:27.423314	3
1967	12	79	ユーザー部門A	2025-03-05 14:32:48	2025-03-22 00:21:27.423314	3
1968	12	80	費用部門A	2025-03-05 14:32:48	2025-03-22 00:21:27.423314	3
1969	12	81	B001	2025-03-05 14:32:48	2025-03-22 00:21:27.423314	3
1970	12	82	予算名A	2025-03-05 14:32:48	2025-03-22 00:21:27.423314	3
1971	12	83	100000	2025-03-05 14:32:48	2025-03-22 00:21:27.423314	3
1972	12	84	部門B	2025-03-05 14:32:48	2025-03-22 00:21:27.423314	3
1973	12	85	ダミー1	2025-03-05 14:32:48	2025-03-22 00:21:27.423314	3
1974	12	86	ダミー2	2025-03-05 14:32:48	2025-03-22 00:21:27.423314	3
1975	12	87	ダミー3	2025-03-05 14:32:48	2025-03-22 00:21:27.423314	3
1976	12	88	ダミー4	2025-03-05 14:32:48	2025-03-22 00:21:27.423314	3
1977	12	89	ダミー5	2025-03-05 14:32:48	2025-03-22 00:21:27.423314	3
1978	12	90	ダミー6	2025-03-05 14:32:48	2025-03-22 00:21:27.423314	3
1979	12	91	ダミー7	2025-03-05 14:32:48	2025-03-22 00:21:27.423314	3
1980	12	92	ダミー8	2025-03-05 14:32:48	2025-03-22 00:21:27.423314	3
1981	12	93	ダミー9	2025-03-05 14:32:48	2025-03-22 00:21:27.423314	3
1982	12	94	ダミー10	2025-03-05 14:32:48	2025-03-22 00:21:27.423314	3
1983	12	95	ダミー11	2025-03-05 14:32:48	2025-03-22 00:21:27.423314	3
1984	12	96	ダミー12	2025-03-05 14:32:48	2025-03-22 00:21:27.423314	3
1985	12	97	ダミー13	2025-03-05 14:32:48	2025-03-22 00:21:27.423314	3
1986	12	98	ダミー14	2025-03-05 14:32:48	2025-03-22 00:21:27.423314	3
1987	12	99	ダミー15	2025-03-05 14:32:48	2025-03-22 00:21:27.423314	3
1988	12	100	ダミー16	2025-03-05 14:32:48	2025-03-22 00:21:27.423314	3
1989	12	101	ダミー17	2025-03-05 14:32:48	2025-03-22 00:21:27.423314	3
1990	12	102	ダミー18	2025-03-05 14:32:48	2025-03-22 00:21:27.423314	3
1991	12	103	ダミー19	2025-03-05 14:32:48	2025-03-22 00:21:27.423314	3
1992	12	104	ダミー20	2025-03-05 14:32:48	2025-03-22 00:21:27.423314	3
1993	13	63	13	2025-03-05 14:32:48	2025-03-22 00:21:27.423314	3
1994	13	64	部門A	2025-03-05 14:32:48	2025-03-22 00:21:27.423314	3
1995	13	65	S013	2025-03-05 14:32:48	2025-03-22 00:21:27.423314	3
1996	13	66	システム標準名D	2025-03-05 14:32:48	2025-03-22 00:21:27.423314	3
1997	13	67	システム名D	2025-03-05 14:32:48	2025-03-22 00:21:27.423314	3
1998	13	68	host-013	2025-03-05 14:32:48	2025-03-22 00:21:27.423314	3
1999	13	69	OSv1.0	2025-03-05 14:32:48	2025-03-22 00:21:27.423314	3
2000	13	70	2023-01-01	2025-03-05 14:32:48	2025-03-22 00:21:27.423314	3
2001	13	71	2023-10-01	2025-03-05 14:32:48	2025-03-22 00:21:27.423314	3
2002	13	72	進行中	2025-03-05 14:32:48	2025-03-22 00:21:27.423314	3
2003	13	73	2026-03-31	2025-03-05 14:32:48	2025-03-22 00:21:27.423314	3
2004	13	74	運用移管済	2025-03-05 14:32:48	2025-03-22 00:21:27.423314	3
2005	13	75	2023-11-01	2025-03-05 14:32:48	2025-03-22 00:21:27.423314	3
2006	13	76	2024-01-01	2025-03-05 14:32:48	2025-03-22 00:21:27.423314	3
2007	13	77	バージョン2.0	2025-03-05 14:32:48	2025-03-22 00:21:27.423314	3
2008	13	78	推進中	2025-03-05 14:32:48	2025-03-22 00:21:27.423314	3
2009	13	79	ユーザー部門A	2025-03-05 14:32:48	2025-03-22 00:21:27.423314	3
2037	14	65	S014	2025-03-05 14:32:48	2025-03-22 00:21:27.423314	3
2038	14	66	システム標準名D	2025-03-05 14:32:48	2025-03-22 00:21:27.423314	3
2039	14	67	システム名D	2025-03-05 14:32:48	2025-03-22 00:21:27.423314	3
2040	14	68	host-014	2025-03-05 14:32:48	2025-03-22 00:21:27.423314	3
2041	14	69	OSv1.0	2025-03-05 14:32:48	2025-03-22 00:21:27.423314	3
2042	14	70	2023-01-01	2025-03-05 14:32:48	2025-03-22 00:21:27.423314	3
2043	14	71	2023-10-01	2025-03-05 14:32:48	2025-03-22 00:21:27.423314	3
2044	14	72	進行中	2025-03-05 14:32:48	2025-03-22 00:21:27.423314	3
2045	14	73	2026-03-31	2025-03-05 14:32:48	2025-03-22 00:21:27.423314	3
2046	14	74	運用移管済	2025-03-05 14:32:48	2025-03-22 00:21:27.423314	3
2047	14	75	2023-11-01	2025-03-05 14:32:48	2025-03-22 00:21:27.423314	3
2048	14	76	2024-01-01	2025-03-05 14:32:48	2025-03-22 00:21:27.423314	3
2049	14	77	バージョン2.0	2025-03-05 14:32:48	2025-03-22 00:21:27.423314	3
2050	14	78	推進中	2025-03-05 14:32:48	2025-03-22 00:21:27.423314	3
2051	14	79	ユーザー部門A	2025-03-05 14:32:48	2025-03-22 00:21:27.423314	3
2052	14	80	費用部門A	2025-03-05 14:32:48	2025-03-22 00:21:27.423314	3
2053	14	81	B001	2025-03-05 14:32:48	2025-03-22 00:21:27.423314	3
2054	14	82	予算名A	2025-03-05 14:32:48	2025-03-22 00:21:27.423314	3
2055	14	83	100000	2025-03-05 14:32:48	2025-03-22 00:21:27.423314	3
2056	14	84	部門B	2025-03-05 14:32:48	2025-03-22 00:21:27.423314	3
2057	14	85	ダミー1	2025-03-05 14:32:48	2025-03-22 00:21:27.423314	3
2058	14	86	ダミー2	2025-03-05 14:32:48	2025-03-22 00:21:27.423314	3
2059	14	87	ダミー3	2025-03-05 14:32:48	2025-03-22 00:21:27.423314	3
2060	14	88	ダミー4	2025-03-05 14:32:48	2025-03-22 00:21:27.423314	3
2061	14	89	ダミー5	2025-03-05 14:32:48	2025-03-22 00:21:27.423314	3
2062	14	90	ダミー6	2025-03-05 14:32:48	2025-03-22 00:21:27.423314	3
2063	14	91	ダミー7	2025-03-05 14:32:48	2025-03-22 00:21:27.423314	3
2064	14	92	ダミー8	2025-03-05 14:32:48	2025-03-22 00:21:27.423314	3
2065	14	93	ダミー9	2025-03-05 14:32:48	2025-03-22 00:21:27.423314	3
2066	14	94	ダミー10	2025-03-05 14:32:48	2025-03-22 00:21:27.423314	3
2067	14	95	ダミー11	2025-03-05 14:32:48	2025-03-22 00:21:27.423314	3
2068	14	96	ダミー12	2025-03-05 14:32:48	2025-03-22 00:21:27.423314	3
2069	14	97	ダミー13	2025-03-05 14:32:48	2025-03-22 00:21:27.423314	3
2070	14	98	ダミー14	2025-03-05 14:32:48	2025-03-22 00:21:27.423314	3
2071	14	99	ダミー15	2025-03-05 14:32:48	2025-03-22 00:21:27.423314	3
2072	14	100	ダミー16	2025-03-05 14:32:48	2025-03-22 00:21:27.423314	3
2073	14	101	ダミー17	2025-03-05 14:32:48	2025-03-22 00:21:27.423314	3
2074	14	102	ダミー18	2025-03-05 14:32:48	2025-03-22 00:21:27.423314	3
2075	14	103	ダミー19	2025-03-05 14:32:48	2025-03-22 00:21:27.423314	3
2076	14	104	ダミー20	2025-03-05 14:32:48	2025-03-22 00:21:27.423314	3
2078	15	64	部門A	2025-03-05 14:32:48	2025-03-22 00:21:27.423314	3
2079	15	65	S015	2025-03-05 14:32:48	2025-03-22 00:21:27.423314	3
2080	15	66	システム標準名D	2025-03-05 14:32:48	2025-03-22 00:21:27.423314	3
2081	15	67	システム名D	2025-03-05 14:32:48	2025-03-22 00:21:27.423314	3
2082	15	68	host-015	2025-03-05 14:32:48	2025-03-22 00:21:27.423314	3
2083	15	69	OSv1.0	2025-03-05 14:32:48	2025-03-22 00:21:27.423314	3
2084	15	70	2023-01-01	2025-03-05 14:32:48	2025-03-22 00:21:27.423314	3
2085	15	71	2023-10-01	2025-03-05 14:32:48	2025-03-22 00:21:27.423314	3
2086	15	72	進行中	2025-03-05 14:32:48	2025-03-22 00:21:27.423314	3
2087	15	73	2026-03-31	2025-03-05 14:32:48	2025-03-22 00:21:27.423314	3
2088	15	74	運用移管済	2025-03-05 14:32:48	2025-03-22 00:21:27.423314	3
2089	15	75	2023-11-01	2025-03-05 14:32:48	2025-03-22 00:21:27.423314	3
2090	15	76	2024-01-01	2025-03-05 14:32:48	2025-03-22 00:21:27.423314	3
2091	15	77	バージョン2.0	2025-03-05 14:32:48	2025-03-22 00:21:27.423314	3
2092	15	78	推進中	2025-03-05 14:32:48	2025-03-22 00:21:27.423314	3
2093	15	79	ユーザー部門A	2025-03-05 14:32:48	2025-03-22 00:21:27.423314	3
2094	15	80	費用部門A	2025-03-05 14:32:48	2025-03-22 00:21:27.423314	3
61	3	3	2023	2025-03-05 14:32:48	2025-03-22 00:21:27.423314	1
2095	15	81	B001	2025-03-05 14:32:48	2025-03-22 00:21:27.423314	3
2096	15	82	予算名A	2025-03-05 14:32:48	2025-03-22 00:21:27.423314	3
2097	15	83	100000	2025-03-05 14:32:48	2025-03-22 00:21:27.423314	3
2098	15	84	部門B	2025-03-05 14:32:48	2025-03-22 00:21:27.423314	3
2099	15	85	ダミー1	2025-03-05 14:32:48	2025-03-22 00:21:27.423314	3
2100	15	86	ダミー2	2025-03-05 14:32:48	2025-03-22 00:21:27.423314	3
2101	15	87	ダミー3	2025-03-05 14:32:48	2025-03-22 00:21:27.423314	3
2102	15	88	ダミー4	2025-03-05 14:32:48	2025-03-22 00:21:27.423314	3
2103	15	89	ダミー5	2025-03-05 14:32:48	2025-03-22 00:21:27.423314	3
2104	15	90	ダミー6	2025-03-05 14:32:48	2025-03-22 00:21:27.423314	3
2105	15	91	ダミー7	2025-03-05 14:32:48	2025-03-22 00:21:27.423314	3
2106	15	92	ダミー8	2025-03-05 14:32:48	2025-03-22 00:21:27.423314	3
2107	15	93	ダミー9	2025-03-05 14:32:48	2025-03-22 00:21:27.423314	3
2108	15	94	ダミー10	2025-03-05 14:32:48	2025-03-22 00:21:27.423314	3
2109	15	95	ダミー11	2025-03-05 14:32:48	2025-03-22 00:21:27.423314	3
2110	15	96	ダミー12	2025-03-05 14:32:48	2025-03-22 00:21:27.423314	3
2111	15	97	ダミー13	2025-03-05 14:32:48	2025-03-22 00:21:27.423314	3
2112	15	98	ダミー14	2025-03-05 14:32:48	2025-03-22 00:21:27.423314	3
2113	15	99	ダミー15	2025-03-05 14:32:48	2025-03-22 00:21:27.423314	3
2114	15	100	ダミー16	2025-03-05 14:32:48	2025-03-22 00:21:27.423314	3
2115	15	101	ダミー17	2025-03-05 14:32:48	2025-03-22 00:21:27.423314	3
2116	15	102	ダミー18	2025-03-05 14:32:48	2025-03-22 00:21:27.423314	3
2117	15	103	ダミー19	2025-03-05 14:32:48	2025-03-22 00:21:27.423314	3
2118	15	104	ダミー20	2025-03-05 14:32:48	2025-03-22 00:21:27.423314	3
2119	16	63	16	2025-03-05 14:32:48	2025-03-22 00:21:27.423314	3
2120	16	64	部門A	2025-03-05 14:32:48	2025-03-22 00:21:27.423314	3
2121	16	65	S016	2025-03-05 14:32:48	2025-03-22 00:21:27.423314	3
2122	16	66	システム標準名D	2025-03-05 14:32:48	2025-03-22 00:21:27.423314	3
2123	16	67	システム名D	2025-03-05 14:32:48	2025-03-22 00:21:27.423314	3
2124	16	68	host-016	2025-03-05 14:32:48	2025-03-22 00:21:27.423314	3
2125	16	69	OSv1.0	2025-03-05 14:32:48	2025-03-22 00:21:27.423314	3
2126	16	70	2023-01-01	2025-03-05 14:32:48	2025-03-22 00:21:27.423314	3
2127	16	71	2023-10-01	2025-03-05 14:32:48	2025-03-22 00:21:27.423314	3
2128	16	72	進行中	2025-03-05 14:32:48	2025-03-22 00:21:27.423314	3
2129	16	73	2026-03-31	2025-03-05 14:32:48	2025-03-22 00:21:27.423314	3
2130	16	74	運用移管済	2025-03-05 14:32:48	2025-03-22 00:21:27.423314	3
2131	16	75	2023-11-01	2025-03-05 14:32:48	2025-03-22 00:21:27.423314	3
2132	16	76	2024-01-01	2025-03-05 14:32:48	2025-03-22 00:21:27.423314	3
2133	16	77	バージョン2.0	2025-03-05 14:32:48	2025-03-22 00:21:27.423314	3
2134	16	78	推進中	2025-03-05 14:32:48	2025-03-22 00:21:27.423314	3
2135	16	79	ユーザー部門A	2025-03-05 14:32:48	2025-03-22 00:21:27.423314	3
2136	16	80	費用部門A	2025-03-05 14:32:48	2025-03-22 00:21:27.423314	3
2137	16	81	B001	2025-03-05 14:32:48	2025-03-22 00:21:27.423314	3
2138	16	82	予算名A	2025-03-05 14:32:48	2025-03-22 00:21:27.423314	3
2139	16	83	100000	2025-03-05 14:32:48	2025-03-22 00:21:27.423314	3
2140	16	84	部門B	2025-03-05 14:32:48	2025-03-22 00:21:27.423314	3
2141	16	85	ダミー1	2025-03-05 14:32:48	2025-03-22 00:21:27.423314	3
2142	16	86	ダミー2	2025-03-05 14:32:48	2025-03-22 00:21:27.423314	3
2143	16	87	ダミー3	2025-03-05 14:32:48	2025-03-22 00:21:27.423314	3
2144	16	88	ダミー4	2025-03-05 14:32:48	2025-03-22 00:21:27.423314	3
2145	16	89	ダミー5	2025-03-05 14:32:48	2025-03-22 00:21:27.423314	3
2146	16	90	ダミー6	2025-03-05 14:32:48	2025-03-22 00:21:27.423314	3
2147	16	91	ダミー7	2025-03-05 14:32:48	2025-03-22 00:21:27.423314	3
2148	16	92	ダミー8	2025-03-05 14:32:48	2025-03-22 00:21:27.423314	3
2149	16	93	ダミー9	2025-03-05 14:32:48	2025-03-22 00:21:27.423314	3
2150	16	94	ダミー10	2025-03-05 14:32:48	2025-03-22 00:21:27.423314	3
2151	16	95	ダミー11	2025-03-05 14:32:48	2025-03-22 00:21:27.423314	3
2152	16	96	ダミー12	2025-03-05 14:32:48	2025-03-22 00:21:27.423314	3
2153	16	97	ダミー13	2025-03-05 14:32:48	2025-03-22 00:21:27.423314	3
2154	16	98	ダミー14	2025-03-05 14:32:48	2025-03-22 00:21:27.423314	3
2155	16	99	ダミー15	2025-03-05 14:32:48	2025-03-22 00:21:27.423314	3
2156	16	100	ダミー16	2025-03-05 14:32:48	2025-03-22 00:21:27.423314	3
2157	16	101	ダミー17	2025-03-05 14:32:48	2025-03-22 00:21:27.423314	3
2158	16	102	ダミー18	2025-03-05 14:32:48	2025-03-22 00:21:27.423314	3
2159	16	103	ダミー19	2025-03-05 14:32:48	2025-03-22 00:21:27.423314	3
2160	16	104	ダミー20	2025-03-05 14:32:48	2025-03-22 00:21:27.423314	3
2161	17	63	17	2025-03-05 14:32:48	2025-03-22 00:21:27.423314	3
2162	17	64	部門A	2025-03-05 14:32:48	2025-03-22 00:21:27.423314	3
2163	17	65	S017	2025-03-05 14:32:48	2025-03-22 00:21:27.423314	3
2164	17	66	システム標準名E	2025-03-05 14:32:48	2025-03-22 00:21:27.423314	3
2165	17	67	システム名E	2025-03-05 14:32:48	2025-03-22 00:21:27.423314	3
2166	17	68	host-017	2025-03-05 14:32:48	2025-03-22 00:21:27.423314	3
2167	17	69	OSv1.0	2025-03-05 14:32:48	2025-03-22 00:21:27.423314	3
2168	17	70	2023-01-01	2025-03-05 14:32:48	2025-03-22 00:21:27.423314	3
2169	17	71	2023-10-01	2025-03-05 14:32:48	2025-03-22 00:21:27.423314	3
2170	17	72	進行中	2025-03-05 14:32:48	2025-03-22 00:21:27.423314	3
2171	17	73	2026-03-31	2025-03-05 14:32:48	2025-03-22 00:21:27.423314	3
2172	17	74	運用移管済	2025-03-05 14:32:48	2025-03-22 00:21:27.423314	3
2173	17	75	2023-11-01	2025-03-05 14:32:48	2025-03-22 00:21:27.423314	3
2174	17	76	2024-01-01	2025-03-05 14:32:48	2025-03-22 00:21:27.423314	3
2175	17	77	バージョン2.0	2025-03-05 14:32:48	2025-03-22 00:21:27.423314	3
2176	17	78	推進中	2025-03-05 14:32:48	2025-03-22 00:21:27.423314	3
2177	17	79	ユーザー部門A	2025-03-05 14:32:48	2025-03-22 00:21:27.423314	3
2178	17	80	費用部門A	2025-03-05 14:32:48	2025-03-22 00:21:27.423314	3
2179	17	81	B001	2025-03-05 14:32:48	2025-03-22 00:21:27.423314	3
2180	17	82	予算名A	2025-03-05 14:32:48	2025-03-22 00:21:27.423314	3
2181	17	83	100000	2025-03-05 14:32:48	2025-03-22 00:21:27.423314	3
2182	17	84	部門B	2025-03-05 14:32:48	2025-03-22 00:21:27.423314	3
2183	17	85	ダミー1	2025-03-05 14:32:48	2025-03-22 00:21:27.423314	3
2184	17	86	ダミー2	2025-03-05 14:32:48	2025-03-22 00:21:27.423314	3
2185	17	87	ダミー3	2025-03-05 14:32:48	2025-03-22 00:21:27.423314	3
2186	17	88	ダミー4	2025-03-05 14:32:48	2025-03-22 00:21:27.423314	3
2187	17	89	ダミー5	2025-03-05 14:32:48	2025-03-22 00:21:27.423314	3
62	3	4	種別A	2025-03-05 14:32:48	2025-03-22 00:21:27.423314	1
2188	17	90	ダミー6	2025-03-05 14:32:48	2025-03-22 00:21:27.423314	3
2189	17	91	ダミー7	2025-03-05 14:32:48	2025-03-22 00:21:27.423314	3
2190	17	92	ダミー8	2025-03-05 14:32:48	2025-03-22 00:21:27.423314	3
2191	17	93	ダミー9	2025-03-05 14:32:48	2025-03-22 00:21:27.423314	3
2192	17	94	ダミー10	2025-03-05 14:32:48	2025-03-22 00:21:27.423314	3
2193	17	95	ダミー11	2025-03-05 14:32:48	2025-03-22 00:21:27.423314	3
2194	17	96	ダミー12	2025-03-05 14:32:48	2025-03-22 00:21:27.423314	3
2195	17	97	ダミー13	2025-03-05 14:32:48	2025-03-22 00:21:27.423314	3
2196	17	98	ダミー14	2025-03-05 14:32:48	2025-03-22 00:21:27.423314	3
2197	17	99	ダミー15	2025-03-05 14:32:48	2025-03-22 00:21:27.423314	3
2198	17	100	ダミー16	2025-03-05 14:32:48	2025-03-22 00:21:27.423314	3
2199	17	101	ダミー17	2025-03-05 14:32:48	2025-03-22 00:21:27.423314	3
2200	17	102	ダミー18	2025-03-05 14:32:48	2025-03-22 00:21:27.423314	3
2201	17	103	ダミー19	2025-03-05 14:32:48	2025-03-22 00:21:27.423314	3
2202	17	104	ダミー20	2025-03-05 14:32:48	2025-03-22 00:21:27.423314	3
2203	18	63	18	2025-03-05 14:32:48	2025-03-22 00:21:27.423314	3
2204	18	64	部門A	2025-03-05 14:32:48	2025-03-22 00:21:27.423314	3
2205	18	65	S018	2025-03-05 14:32:48	2025-03-22 00:21:27.423314	3
2206	18	66	システム標準名E	2025-03-05 14:32:48	2025-03-22 00:21:27.423314	3
2207	18	67	システム名E	2025-03-05 14:32:48	2025-03-22 00:21:27.423314	3
2208	18	68	host-018	2025-03-05 14:32:48	2025-03-22 00:21:27.423314	3
2209	18	69	OSv1.0	2025-03-05 14:32:48	2025-03-22 00:21:27.423314	3
2210	18	70	2023-01-01	2025-03-05 14:32:48	2025-03-22 00:21:27.423314	3
2211	18	71	2023-10-01	2025-03-05 14:32:48	2025-03-22 00:21:27.423314	3
2212	18	72	進行中	2025-03-05 14:32:48	2025-03-22 00:21:27.423314	3
2213	18	73	2026-03-31	2025-03-05 14:32:48	2025-03-22 00:21:27.423314	3
2214	18	74	運用移管済	2025-03-05 14:32:48	2025-03-22 00:21:27.423314	3
2215	18	75	2023-11-01	2025-03-05 14:32:48	2025-03-22 00:21:27.423314	3
2216	18	76	2024-01-01	2025-03-05 14:32:48	2025-03-22 00:21:27.423314	3
2217	18	77	バージョン2.0	2025-03-05 14:32:48	2025-03-22 00:21:27.423314	3
2218	18	78	推進中	2025-03-05 14:32:48	2025-03-22 00:21:27.423314	3
2219	18	79	ユーザー部門A	2025-03-05 14:32:48	2025-03-22 00:21:27.423314	3
2220	18	80	費用部門A	2025-03-05 14:32:48	2025-03-22 00:21:27.423314	3
2221	18	81	B001	2025-03-05 14:32:48	2025-03-22 00:21:27.423314	3
2222	18	82	予算名A	2025-03-05 14:32:48	2025-03-22 00:21:27.423314	3
2223	18	83	100000	2025-03-05 14:32:48	2025-03-22 00:21:27.423314	3
2224	18	84	部門B	2025-03-05 14:32:48	2025-03-22 00:21:27.423314	3
2225	18	85	ダミー1	2025-03-05 14:32:48	2025-03-22 00:21:27.423314	3
2226	18	86	ダミー2	2025-03-05 14:32:48	2025-03-22 00:21:27.423314	3
2227	18	87	ダミー3	2025-03-05 14:32:48	2025-03-22 00:21:27.423314	3
2228	18	88	ダミー4	2025-03-05 14:32:48	2025-03-22 00:21:27.423314	3
2229	18	89	ダミー5	2025-03-05 14:32:48	2025-03-22 00:21:27.423314	3
2230	18	90	ダミー6	2025-03-05 14:32:48	2025-03-22 00:21:27.423314	3
2231	18	91	ダミー7	2025-03-05 14:32:48	2025-03-22 00:21:27.423314	3
2232	18	92	ダミー8	2025-03-05 14:32:48	2025-03-22 00:21:27.423314	3
2233	18	93	ダミー9	2025-03-05 14:32:48	2025-03-22 00:21:27.423314	3
2234	18	94	ダミー10	2025-03-05 14:32:48	2025-03-22 00:21:27.423314	3
2235	18	95	ダミー11	2025-03-05 14:32:48	2025-03-22 00:21:27.423314	3
2236	18	96	ダミー12	2025-03-05 14:32:48	2025-03-22 00:21:27.423314	3
2237	18	97	ダミー13	2025-03-05 14:32:48	2025-03-22 00:21:27.423314	3
2238	18	98	ダミー14	2025-03-05 14:32:48	2025-03-22 00:21:27.423314	3
2239	18	99	ダミー15	2025-03-05 14:32:48	2025-03-22 00:21:27.423314	3
2240	18	100	ダミー16	2025-03-05 14:32:48	2025-03-22 00:21:27.423314	3
2241	18	101	ダミー17	2025-03-05 14:32:48	2025-03-22 00:21:27.423314	3
2242	18	102	ダミー18	2025-03-05 14:32:48	2025-03-22 00:21:27.423314	3
2243	18	103	ダミー19	2025-03-05 14:32:48	2025-03-22 00:21:27.423314	3
2244	18	104	ダミー20	2025-03-05 14:32:48	2025-03-22 00:21:27.423314	3
2245	19	63	19	2025-03-05 14:32:48	2025-03-22 00:21:27.423314	3
2246	19	64	部門A	2025-03-05 14:32:48	2025-03-22 00:21:27.423314	3
2247	19	65	S019	2025-03-05 14:32:48	2025-03-22 00:21:27.423314	3
2248	19	66	システム標準名E	2025-03-05 14:32:48	2025-03-22 00:21:27.423314	3
2249	19	67	システム名E	2025-03-05 14:32:48	2025-03-22 00:21:27.423314	3
2250	19	68	host-019	2025-03-05 14:32:48	2025-03-22 00:21:27.423314	3
2251	19	69	OSv1.0	2025-03-05 14:32:48	2025-03-22 00:21:27.423314	3
2252	19	70	2023-01-01	2025-03-05 14:32:48	2025-03-22 00:21:27.423314	3
2253	19	71	2023-10-01	2025-03-05 14:32:48	2025-03-22 00:21:27.423314	3
2254	19	72	進行中	2025-03-05 14:32:48	2025-03-22 00:21:27.423314	3
2255	19	73	2026-03-31	2025-03-05 14:32:48	2025-03-22 00:21:27.423314	3
2256	19	74	運用移管済	2025-03-05 14:32:48	2025-03-22 00:21:27.423314	3
2257	19	75	2023-11-01	2025-03-05 14:32:48	2025-03-22 00:21:27.423314	3
2258	19	76	2024-01-01	2025-03-05 14:32:48	2025-03-22 00:21:27.423314	3
2259	19	77	バージョン2.0	2025-03-05 14:32:48	2025-03-22 00:21:27.423314	3
2260	19	78	推進中	2025-03-05 14:32:48	2025-03-22 00:21:27.423314	3
2261	19	79	ユーザー部門A	2025-03-05 14:32:48	2025-03-22 00:21:27.423314	3
2262	19	80	費用部門A	2025-03-05 14:32:48	2025-03-22 00:21:27.423314	3
2263	19	81	B001	2025-03-05 14:32:48	2025-03-22 00:21:27.423314	3
2264	19	82	予算名A	2025-03-05 14:32:48	2025-03-22 00:21:27.423314	3
2265	19	83	100000	2025-03-05 14:32:48	2025-03-22 00:21:27.423314	3
2266	19	84	部門B	2025-03-05 14:32:48	2025-03-22 00:21:27.423314	3
2267	19	85	ダミー1	2025-03-05 14:32:48	2025-03-22 00:21:27.423314	3
2268	19	86	ダミー2	2025-03-05 14:32:48	2025-03-22 00:21:27.423314	3
2269	19	87	ダミー3	2025-03-05 14:32:48	2025-03-22 00:21:27.423314	3
2270	19	88	ダミー4	2025-03-05 14:32:48	2025-03-22 00:21:27.423314	3
2271	19	89	ダミー5	2025-03-05 14:32:48	2025-03-22 00:21:27.423314	3
2272	19	90	ダミー6	2025-03-05 14:32:48	2025-03-22 00:21:27.423314	3
2273	19	91	ダミー7	2025-03-05 14:32:48	2025-03-22 00:21:27.423314	3
2274	19	92	ダミー8	2025-03-05 14:32:48	2025-03-22 00:21:27.423314	3
2275	19	93	ダミー9	2025-03-05 14:32:48	2025-03-22 00:21:27.423314	3
2276	19	94	ダミー10	2025-03-05 14:32:48	2025-03-22 00:21:27.423314	3
2277	19	95	ダミー11	2025-03-05 14:32:48	2025-03-22 00:21:27.423314	3
2278	19	96	ダミー12	2025-03-05 14:32:48	2025-03-22 00:21:27.423314	3
2279	19	97	ダミー13	2025-03-05 14:32:48	2025-03-22 00:21:27.423314	3
2280	19	98	ダミー14	2025-03-05 14:32:48	2025-03-22 00:21:27.423314	3
2281	19	99	ダミー15	2025-03-05 14:32:48	2025-03-22 00:21:27.423314	3
2282	19	100	ダミー16	2025-03-05 14:32:48	2025-03-22 00:21:27.423314	3
2283	19	101	ダミー17	2025-03-05 14:32:48	2025-03-22 00:21:27.423314	3
1489	1	63	1	2025-03-05 14:32:48	2025-03-22 00:21:27.423314	3
1490	1	64	部門A	2025-03-05 14:32:48	2025-03-22 00:21:27.423314	3
1491	1	65	S001	2025-03-05 14:32:48	2025-03-22 00:21:27.423314	3
1492	1	66	システム標準名A	2025-03-05 14:32:48	2025-03-22 00:21:27.423314	3
1493	1	67	システム名A	2025-03-05 14:32:48	2025-03-22 00:21:27.423314	3
1494	1	68	host-001	2025-03-05 14:32:48	2025-03-22 00:21:27.423314	3
1495	1	69	OSv1.0	2025-03-05 14:32:48	2025-03-22 00:21:27.423314	3
1496	1	70	2023-01-01	2025-03-05 14:32:48	2025-03-22 00:21:27.423314	3
1497	1	71	2023-10-01	2025-03-05 14:32:48	2025-03-22 00:21:27.423314	3
1498	1	72	進行中	2025-03-05 14:32:48	2025-03-22 00:21:27.423314	3
1499	1	73	2026-03-31	2025-03-05 14:32:48	2025-03-22 00:21:27.423314	3
1500	1	74	運用移管済	2025-03-05 14:32:48	2025-03-22 00:21:27.423314	3
1501	1	75	2023-11-01	2025-03-05 14:32:48	2025-03-22 00:21:27.423314	3
1502	1	76	2024-01-01	2025-03-05 14:32:48	2025-03-22 00:21:27.423314	3
1503	1	77	バージョン2.0	2025-03-05 14:32:48	2025-03-22 00:21:27.423314	3
1504	1	78	推進中	2025-03-05 14:32:48	2025-03-22 00:21:27.423314	3
1505	1	79	ユーザー部門A	2025-03-05 14:32:48	2025-03-22 00:21:27.423314	3
1506	1	80	費用部門A	2025-03-05 14:32:48	2025-03-22 00:21:27.423314	3
1507	1	81	B001	2025-03-05 14:32:48	2025-03-22 00:21:27.423314	3
1508	1	82	予算名A	2025-03-05 14:32:48	2025-03-22 00:21:27.423314	3
1509	1	83	100000	2025-03-05 14:32:48	2025-03-22 00:21:27.423314	3
1510	1	84	部門B	2025-03-05 14:32:48	2025-03-22 00:21:27.423314	3
1511	1	85	ダミー1	2025-03-05 14:32:48	2025-03-22 00:21:27.423314	3
1512	1	86	ダミー2	2025-03-05 14:32:48	2025-03-22 00:21:27.423314	3
1513	1	87	ダミー3	2025-03-05 14:32:48	2025-03-22 00:21:27.423314	3
1514	1	88	ダミー4	2025-03-05 14:32:48	2025-03-22 00:21:27.423314	3
1515	1	89	ダミー5	2025-03-05 14:32:48	2025-03-22 00:21:27.423314	3
1516	1	90	ダミー6	2025-03-05 14:32:48	2025-03-22 00:21:27.423314	3
1517	1	91	ダミー7	2025-03-05 14:32:48	2025-03-22 00:21:27.423314	3
1518	1	92	ダミー8	2025-03-05 14:32:48	2025-03-22 00:21:27.423314	3
1519	1	93	ダミー9	2025-03-05 14:32:48	2025-03-22 00:21:27.423314	3
1520	1	94	ダミー10	2025-03-05 14:32:48	2025-03-22 00:21:27.423314	3
1521	1	95	ダミー11	2025-03-05 14:32:48	2025-03-22 00:21:27.423314	3
1522	1	96	ダミー12	2025-03-05 14:32:48	2025-03-22 00:21:27.423314	3
2284	19	102	ダミー18	2025-03-05 14:32:48	2025-03-22 00:21:27.423314	3
2285	19	103	ダミー19	2025-03-05 14:32:48	2025-03-22 00:21:27.423314	3
2286	19	104	ダミー20	2025-03-05 14:32:48	2025-03-22 00:21:27.423314	3
2287	20	63	20	2025-03-05 14:32:48	2025-03-22 00:21:27.423314	3
2288	20	64	部門A	2025-03-05 14:32:48	2025-03-22 00:21:27.423314	3
2289	20	65	S020	2025-03-05 14:32:48	2025-03-22 00:21:27.423314	3
2290	20	66	システム標準名E	2025-03-05 14:32:48	2025-03-22 00:21:27.423314	3
2291	20	67	システム名E	2025-03-05 14:32:48	2025-03-22 00:21:27.423314	3
2292	20	68	host-020	2025-03-05 14:32:48	2025-03-22 00:21:27.423314	3
2293	20	69	OSv1.0	2025-03-05 14:32:48	2025-03-22 00:21:27.423314	3
2294	20	70	2023-01-01	2025-03-05 14:32:48	2025-03-22 00:21:27.423314	3
2295	20	71	2023-10-01	2025-03-05 14:32:48	2025-03-22 00:21:27.423314	3
2296	20	72	進行中	2025-03-05 14:32:48	2025-03-22 00:21:27.423314	3
2297	20	73	2026-03-31	2025-03-05 14:32:48	2025-03-22 00:21:27.423314	3
2298	20	74	運用移管済	2025-03-05 14:32:48	2025-03-22 00:21:27.423314	3
2299	20	75	2023-11-01	2025-03-05 14:32:48	2025-03-22 00:21:27.423314	3
2300	20	76	2024-01-01	2025-03-05 14:32:48	2025-03-22 00:21:27.423314	3
2301	20	77	バージョン2.0	2025-03-05 14:32:48	2025-03-22 00:21:27.423314	3
2302	20	78	推進中	2025-03-05 14:32:48	2025-03-22 00:21:27.423314	3
2303	20	79	ユーザー部門A	2025-03-05 14:32:48	2025-03-22 00:21:27.423314	3
2304	20	80	費用部門A	2025-03-05 14:32:48	2025-03-22 00:21:27.423314	3
2305	20	81	B001	2025-03-05 14:32:48	2025-03-22 00:21:27.423314	3
2306	20	82	予算名A	2025-03-05 14:32:48	2025-03-22 00:21:27.423314	3
2307	20	83	100000	2025-03-05 14:32:48	2025-03-22 00:21:27.423314	3
2308	20	84	部門B	2025-03-05 14:32:48	2025-03-22 00:21:27.423314	3
2309	20	85	ダミー1	2025-03-05 14:32:48	2025-03-22 00:21:27.423314	3
2310	20	86	ダミー2	2025-03-05 14:32:48	2025-03-22 00:21:27.423314	3
1456	24	30	24	2025-03-05 14:32:48	2025-03-22 00:21:27.423314	2
63	3	5	B001	2025-03-05 14:32:48	2025-03-22 00:21:27.423314	1
64	3	6	予算名C	2025-03-05 14:32:48	2025-03-22 00:21:27.423314	1
65	3	7	100009	2025-03-05 14:32:48	2025-03-22 00:21:27.423314	1
66	3	8	部門A	2025-03-05 14:32:48	2025-03-22 00:21:27.423314	1
67	3	9	部門B	2025-03-05 14:32:48	2025-03-22 00:21:27.423314	1
68	3	10	ダミー1	2025-03-05 14:32:48	2025-03-22 00:21:27.423314	1
69	3	11	ダミー2	2025-03-05 14:32:48	2025-03-22 00:21:27.423314	1
1381	21	54	ダミー12	2025-03-05 14:32:48	2025-03-22 00:21:27.423314	2
1382	21	55	ダミー13	2025-03-05 14:32:48	2025-03-22 00:21:27.423314	2
1383	21	56	ダミー14	2025-03-05 14:32:48	2025-03-22 00:21:27.423314	2
1384	21	57	ダミー15	2025-03-05 14:32:48	2025-03-22 00:21:27.423314	2
1385	21	58	ダミー16	2025-03-05 14:32:48	2025-03-22 00:21:27.423314	2
1386	21	59	ダミー17	2025-03-05 14:32:48	2025-03-22 00:21:27.423314	2
1387	21	60	ダミー18	2025-03-05 14:32:48	2025-03-22 00:21:27.423314	2
1388	21	61	ダミー19	2025-03-05 14:32:48	2025-03-22 00:21:27.423314	2
1389	21	62	ダミー20	2025-03-05 14:32:48	2025-03-22 00:21:27.423314	2
1390	22	30	22	2025-03-05 14:32:48	2025-03-22 00:21:27.423314	2
1391	22	31	2025	2025-03-05 14:32:48	2025-03-22 00:21:27.423314	2
1392	22	32	種別B	2025-03-05 14:32:48	2025-03-22 00:21:27.423314	2
1393	22	33	B006	2025-03-05 14:32:48	2025-03-22 00:21:27.423314	2
1394	22	34	予算名B	2025-03-05 14:32:48	2025-03-22 00:21:27.423314	2
1395	22	35	100000	2025-03-05 14:32:48	2025-03-22 00:21:27.423314	2
1396	22	36	部門A	2025-03-05 14:32:48	2025-03-22 00:21:27.423314	2
1397	22	37	部門B	2025-03-05 14:32:48	2025-03-22 00:21:27.423314	2
1398	22	38	部門A	2025-03-05 14:32:48	2025-03-22 00:21:27.423314	2
1399	22	39	担当者A	2025-03-05 14:32:48	2025-03-22 00:21:27.423314	2
1400	22	40	2023-10-15	2025-03-05 14:32:48	2025-03-22 00:21:27.423314	2
1401	22	41	担当者B	2025-03-05 14:32:48	2025-03-22 00:21:27.423314	2
1402	22	42	2023-11-22	2025-03-05 14:32:48	2025-03-22 00:21:27.423314	2
1403	22	43	ダミー1	2025-03-05 14:32:48	2025-03-22 00:21:27.423314	2
1404	22	44	ダミー2	2025-03-05 14:32:48	2025-03-22 00:21:27.423314	2
1405	22	45	ダミー3	2025-03-05 14:32:48	2025-03-22 00:21:27.423314	2
1406	22	46	ダミー4	2025-03-05 14:32:48	2025-03-22 00:21:27.423314	2
1407	22	47	ダミー5	2025-03-05 14:32:48	2025-03-22 00:21:27.423314	2
1408	22	48	ダミー6	2025-03-05 14:32:48	2025-03-22 00:21:27.423314	2
1409	22	49	ダミー7	2025-03-05 14:32:48	2025-03-22 00:21:27.423314	2
1410	22	50	ダミー8	2025-03-05 14:32:48	2025-03-22 00:21:27.423314	2
1411	22	51	ダミー9	2025-03-05 14:32:48	2025-03-22 00:21:27.423314	2
1412	22	52	ダミー10	2025-03-05 14:32:48	2025-03-22 00:21:27.423314	2
1413	22	53	ダミー11	2025-03-05 14:32:48	2025-03-22 00:21:27.423314	2
1414	22	54	ダミー12	2025-03-05 14:32:48	2025-03-22 00:21:27.423314	2
1415	22	55	ダミー13	2025-03-05 14:32:48	2025-03-22 00:21:27.423314	2
1416	22	56	ダミー14	2025-03-05 14:32:48	2025-03-22 00:21:27.423314	2
1417	22	57	ダミー15	2025-03-05 14:32:48	2025-03-22 00:21:27.423314	2
1418	22	58	ダミー16	2025-03-05 14:32:48	2025-03-22 00:21:27.423314	2
1419	22	59	ダミー17	2025-03-05 14:32:48	2025-03-22 00:21:27.423314	2
1420	22	60	ダミー18	2025-03-05 14:32:48	2025-03-22 00:21:27.423314	2
1421	22	61	ダミー19	2025-03-05 14:32:48	2025-03-22 00:21:27.423314	2
1422	22	62	ダミー20	2025-03-05 14:32:48	2025-03-22 00:21:27.423314	2
1423	23	30	23	2025-03-05 14:32:48	2025-03-22 00:21:27.423314	2
1424	23	31	2025	2025-03-05 14:32:48	2025-03-22 00:21:27.423314	2
1425	23	32	種別B	2025-03-05 14:32:48	2025-03-22 00:21:27.423314	2
1426	23	33	B006	2025-03-05 14:32:48	2025-03-22 00:21:27.423314	2
70	3	12	ダミー3	2025-03-05 14:32:48	2025-03-22 00:21:27.423314	1
71	3	13	ダミー4	2025-03-05 14:32:48	2025-03-22 00:21:27.423314	1
72	3	14	ダミー5	2025-03-05 14:32:48	2025-03-22 00:21:27.423314	1
73	3	15	ダミー6	2025-03-05 14:32:48	2025-03-22 00:21:27.423314	1
74	3	16	ダミー7	2025-03-05 14:32:48	2025-03-22 00:21:27.423314	1
75	3	17	ダミー8	2025-03-05 14:32:48	2025-03-22 00:21:27.423314	1
76	3	18	ダミー9	2025-03-05 14:32:48	2025-03-22 00:21:27.423314	1
77	3	19	ダミー10	2025-03-05 14:32:48	2025-03-22 00:21:27.423314	1
78	3	20	ダミー11	2025-03-05 14:32:48	2025-03-22 00:21:27.423314	1
79	3	21	ダミー12	2025-03-05 14:32:48	2025-03-22 00:21:27.423314	1
80	3	22	ダミー13	2025-03-05 14:32:48	2025-03-22 00:21:27.423314	1
81	3	23	ダミー14	2025-03-05 14:32:48	2025-03-22 00:21:27.423314	1
82	3	24	ダミー15	2025-03-05 14:32:48	2025-03-22 00:21:27.423314	1
83	3	25	ダミー16	2025-03-05 14:32:48	2025-03-22 00:21:27.423314	1
84	3	26	ダミー17	2025-03-05 14:32:48	2025-03-22 00:21:27.423314	1
85	3	27	ダミー18	2025-03-05 14:32:48	2025-03-22 00:21:27.423314	1
86	3	28	ダミー19	2025-03-05 14:32:48	2025-03-22 00:21:27.423314	1
87	3	29	ダミー20	2025-03-05 14:32:48	2025-03-22 00:21:27.423314	1
88	4	1	4	2025-03-05 14:32:48	2025-03-22 00:21:27.423314	1
89	4	2	テーマA	2025-03-05 14:32:48	2025-03-22 00:21:27.423314	1
90	4	3	2023	2025-03-05 14:32:48	2025-03-22 00:21:27.423314	1
91	4	4	種別A	2025-03-05 14:32:48	2025-03-22 00:21:27.423314	1
92	4	5	B001	2025-03-05 14:32:48	2025-03-22 00:21:27.423314	1
93	4	6	予算名D	2025-03-05 14:32:48	2025-03-22 00:21:27.423314	1
94	4	7	100050	2025-03-05 14:32:48	2025-03-22 00:21:27.423314	1
95	4	8	部門A	2025-03-05 14:32:48	2025-03-22 00:21:27.423314	1
96	4	9	部門B	2025-03-05 14:32:48	2025-03-22 00:21:27.423314	1
97	4	10	ダミー1	2025-03-05 14:32:48	2025-03-22 00:21:27.423314	1
98	4	11	ダミー2	2025-03-05 14:32:48	2025-03-22 00:21:27.423314	1
99	4	12	ダミー3	2025-03-05 14:32:48	2025-03-22 00:21:27.423314	1
100	4	13	ダミー4	2025-03-05 14:32:48	2025-03-22 00:21:27.423314	1
101	4	14	ダミー5	2025-03-05 14:32:48	2025-03-22 00:21:27.423314	1
102	4	15	ダミー6	2025-03-05 14:32:48	2025-03-22 00:21:27.423314	1
103	4	16	ダミー7	2025-03-05 14:32:48	2025-03-22 00:21:27.423314	1
104	4	17	ダミー8	2025-03-05 14:32:48	2025-03-22 00:21:27.423314	1
105	4	18	ダミー9	2025-03-05 14:32:48	2025-03-22 00:21:27.423314	1
106	4	19	ダミー10	2025-03-05 14:32:48	2025-03-22 00:21:27.423314	1
107	4	20	ダミー11	2025-03-05 14:32:48	2025-03-22 00:21:27.423314	1
108	4	21	ダミー12	2025-03-05 14:32:48	2025-03-22 00:21:27.423314	1
109	4	22	ダミー13	2025-03-05 14:32:48	2025-03-22 00:21:27.423314	1
110	4	23	ダミー14	2025-03-05 14:32:48	2025-03-22 00:21:27.423314	1
111	4	24	ダミー15	2025-03-05 14:32:48	2025-03-22 00:21:27.423314	1
112	4	25	ダミー16	2025-03-05 14:32:48	2025-03-22 00:21:27.423314	1
113	4	26	ダミー17	2025-03-05 14:32:48	2025-03-22 00:21:27.423314	1
114	4	27	ダミー18	2025-03-05 14:32:48	2025-03-22 00:21:27.423314	1
115	4	28	ダミー19	2025-03-05 14:32:48	2025-03-22 00:21:27.423314	1
116	4	29	ダミー20	2025-03-05 14:32:48	2025-03-22 00:21:27.423314	1
117	5	1	5	2025-03-05 14:32:48	2025-03-22 00:21:27.423314	1
118	5	2	テーマB	2025-03-05 14:32:48	2025-03-22 00:21:27.423314	1
119	5	3	2023	2025-03-05 14:32:48	2025-03-22 00:21:27.423314	1
120	5	4	種別B	2025-03-05 14:32:48	2025-03-22 00:21:27.423314	1
121	5	5	B002	2025-03-05 14:32:48	2025-03-22 00:21:27.423314	1
122	5	6	予算名A	2025-03-05 14:32:48	2025-03-22 00:21:27.423314	1
124	5	8	部門A	2025-03-05 14:32:48	2025-03-22 00:21:27.423314	1
7	1	7	100000	2025-03-05 14:32:48	2025-03-22 00:21:27.423314	1
123	5	7	108000	2025-03-05 14:32:48	2025-03-22 00:21:27.423314	1
126	5	10	ダミー1	2025-03-05 14:32:48	2025-03-22 00:21:27.423314	1
127	5	11	ダミー2	2025-03-05 14:32:48	2025-03-22 00:21:27.423314	1
128	5	12	ダミー3	2025-03-05 14:32:48	2025-03-22 00:21:27.423314	1
129	5	13	ダミー4	2025-03-05 14:32:48	2025-03-22 00:21:27.423314	1
130	5	14	ダミー5	2025-03-05 14:32:48	2025-03-22 00:21:27.423314	1
131	5	15	ダミー6	2025-03-05 14:32:48	2025-03-22 00:21:27.423314	1
132	5	16	ダミー7	2025-03-05 14:32:48	2025-03-22 00:21:27.423314	1
133	5	17	ダミー8	2025-03-05 14:32:48	2025-03-22 00:21:27.423314	1
134	5	18	ダミー9	2025-03-05 14:32:48	2025-03-22 00:21:27.423314	1
135	5	19	ダミー10	2025-03-05 14:32:48	2025-03-22 00:21:27.423314	1
136	5	20	ダミー11	2025-03-05 14:32:48	2025-03-22 00:21:27.423314	1
137	5	21	ダミー12	2025-03-05 14:32:48	2025-03-22 00:21:27.423314	1
138	5	22	ダミー13	2025-03-05 14:32:48	2025-03-22 00:21:27.423314	1
139	5	23	ダミー14	2025-03-05 14:32:48	2025-03-22 00:21:27.423314	1
140	5	24	ダミー15	2025-03-05 14:32:48	2025-03-22 00:21:27.423314	1
141	5	25	ダミー16	2025-03-05 14:32:48	2025-03-22 00:21:27.423314	1
142	5	26	ダミー17	2025-03-05 14:32:48	2025-03-22 00:21:27.423314	1
143	5	27	ダミー18	2025-03-05 14:32:48	2025-03-22 00:21:27.423314	1
125	5	9	部門B	2025-03-05 14:32:48	2025-03-22 00:21:27.423314	1
144	5	28	ダミー19	2025-03-05 14:32:48	2025-03-22 00:21:27.423314	1
145	5	29	ダミー20	2025-03-05 14:32:48	2025-03-22 00:21:27.423314	1
146	6	1	6	2025-03-05 14:32:48	2025-03-22 00:21:27.423314	1
147	6	2	テーマB	2025-03-05 14:32:48	2025-03-22 00:21:27.423314	1
148	6	3	2023	2025-03-05 14:32:48	2025-03-22 00:21:27.423314	1
149	6	4	種別B	2025-03-05 14:32:48	2025-03-22 00:21:27.423314	1
150	6	5	B002	2025-03-05 14:32:48	2025-03-22 00:21:27.423314	1
151	6	6	予算名B	2025-03-05 14:32:48	2025-03-22 00:21:27.423314	1
152	6	7	100000	2025-03-05 14:32:48	2025-03-22 00:21:27.423314	1
153	6	8	部門A	2025-03-05 14:32:48	2025-03-22 00:21:27.423314	1
154	6	9	部門B	2025-03-05 14:32:48	2025-03-22 00:21:27.423314	1
155	6	10	ダミー1	2025-03-05 14:32:48	2025-03-22 00:21:27.423314	1
156	6	11	ダミー2	2025-03-05 14:32:48	2025-03-22 00:21:27.423314	1
157	6	12	ダミー3	2025-03-05 14:32:48	2025-03-22 00:21:27.423314	1
158	6	13	ダミー4	2025-03-05 14:32:48	2025-03-22 00:21:27.423314	1
159	6	14	ダミー5	2025-03-05 14:32:48	2025-03-22 00:21:27.423314	1
160	6	15	ダミー6	2025-03-05 14:32:48	2025-03-22 00:21:27.423314	1
161	6	16	ダミー7	2025-03-05 14:32:48	2025-03-22 00:21:27.423314	1
162	6	17	ダミー8	2025-03-05 14:32:48	2025-03-22 00:21:27.423314	1
163	6	18	ダミー9	2025-03-05 14:32:48	2025-03-22 00:21:27.423314	1
164	6	19	ダミー10	2025-03-05 14:32:48	2025-03-22 00:21:27.423314	1
165	6	20	ダミー11	2025-03-05 14:32:48	2025-03-22 00:21:27.423314	1
166	6	21	ダミー12	2025-03-05 14:32:48	2025-03-22 00:21:27.423314	1
167	6	22	ダミー13	2025-03-05 14:32:48	2025-03-22 00:21:27.423314	1
168	6	23	ダミー14	2025-03-05 14:32:48	2025-03-22 00:21:27.423314	1
169	6	24	ダミー15	2025-03-05 14:32:48	2025-03-22 00:21:27.423314	1
170	6	25	ダミー16	2025-03-05 14:32:48	2025-03-22 00:21:27.423314	1
171	6	26	ダミー17	2025-03-05 14:32:48	2025-03-22 00:21:27.423314	1
172	6	27	ダミー18	2025-03-05 14:32:48	2025-03-22 00:21:27.423314	1
173	6	28	ダミー19	2025-03-05 14:32:48	2025-03-22 00:21:27.423314	1
174	6	29	ダミー20	2025-03-05 14:32:48	2025-03-22 00:21:27.423314	1
175	7	1	7	2025-03-05 14:32:48	2025-03-22 00:21:27.423314	1
176	7	2	テーマB	2025-03-05 14:32:48	2025-03-22 00:21:27.423314	1
177	7	3	2023	2025-03-05 14:32:48	2025-03-22 00:21:27.423314	1
178	7	4	種別B	2025-03-05 14:32:48	2025-03-22 00:21:27.423314	1
179	7	5	B002	2025-03-05 14:32:48	2025-03-22 00:21:27.423314	1
180	7	6	予算名C	2025-03-05 14:32:48	2025-03-22 00:21:27.423314	1
182	7	8	部門A	2025-03-05 14:32:48	2025-03-22 00:21:27.423314	1
183	7	9	部門B	2025-03-05 14:32:48	2025-03-22 00:21:27.423314	1
184	7	10	ダミー1	2025-03-05 14:32:48	2025-03-22 00:21:27.423314	1
185	7	11	ダミー2	2025-03-05 14:32:48	2025-03-22 00:21:27.423314	1
186	7	12	ダミー3	2025-03-05 14:32:48	2025-03-22 00:21:27.423314	1
187	7	13	ダミー4	2025-03-05 14:32:48	2025-03-22 00:21:27.423314	1
188	7	14	ダミー5	2025-03-05 14:32:48	2025-03-22 00:21:27.423314	1
189	7	15	ダミー6	2025-03-05 14:32:48	2025-03-22 00:21:27.423314	1
190	7	16	ダミー7	2025-03-05 14:32:48	2025-03-22 00:21:27.423314	1
191	7	17	ダミー8	2025-03-05 14:32:48	2025-03-22 00:21:27.423314	1
192	7	18	ダミー9	2025-03-05 14:32:48	2025-03-22 00:21:27.423314	1
193	7	19	ダミー10	2025-03-05 14:32:48	2025-03-22 00:21:27.423314	1
194	7	20	ダミー11	2025-03-05 14:32:48	2025-03-22 00:21:27.423314	1
195	7	21	ダミー12	2025-03-05 14:32:48	2025-03-22 00:21:27.423314	1
196	7	22	ダミー13	2025-03-05 14:32:48	2025-03-22 00:21:27.423314	1
197	7	23	ダミー14	2025-03-05 14:32:48	2025-03-22 00:21:27.423314	1
198	7	24	ダミー15	2025-03-05 14:32:48	2025-03-22 00:21:27.423314	1
199	7	25	ダミー16	2025-03-05 14:32:48	2025-03-22 00:21:27.423314	1
200	7	26	ダミー17	2025-03-05 14:32:48	2025-03-22 00:21:27.423314	1
201	7	27	ダミー18	2025-03-05 14:32:48	2025-03-22 00:21:27.423314	1
202	7	28	ダミー19	2025-03-05 14:32:48	2025-03-22 00:21:27.423314	1
203	7	29	ダミー20	2025-03-05 14:32:48	2025-03-22 00:21:27.423314	1
204	8	1	8	2025-03-05 14:32:48	2025-03-22 00:21:27.423314	1
205	8	2	テーマB	2025-03-05 14:32:48	2025-03-22 00:21:27.423314	1
206	8	3	2023	2025-03-05 14:32:48	2025-03-22 00:21:27.423314	1
207	8	4	種別B	2025-03-05 14:32:48	2025-03-22 00:21:27.423314	1
208	8	5	B002	2025-03-05 14:32:48	2025-03-22 00:21:27.423314	1
209	8	6	予算名D	2025-03-05 14:32:48	2025-03-22 00:21:27.423314	1
210	8	7	100000	2025-03-05 14:32:48	2025-03-22 00:21:27.423314	1
211	8	8	部門A	2025-03-05 14:32:48	2025-03-22 00:21:27.423314	1
212	8	9	部門B	2025-03-05 14:32:48	2025-03-22 00:21:27.423314	1
213	8	10	ダミー1	2025-03-05 14:32:48	2025-03-22 00:21:27.423314	1
214	8	11	ダミー2	2025-03-05 14:32:48	2025-03-22 00:21:27.423314	1
215	8	12	ダミー3	2025-03-05 14:32:48	2025-03-22 00:21:27.423314	1
216	8	13	ダミー4	2025-03-05 14:32:48	2025-03-22 00:21:27.423314	1
217	8	14	ダミー5	2025-03-05 14:32:48	2025-03-22 00:21:27.423314	1
218	8	15	ダミー6	2025-03-05 14:32:48	2025-03-22 00:21:27.423314	1
219	8	16	ダミー7	2025-03-05 14:32:48	2025-03-22 00:21:27.423314	1
220	8	17	ダミー8	2025-03-05 14:32:48	2025-03-22 00:21:27.423314	1
221	8	18	ダミー9	2025-03-05 14:32:48	2025-03-22 00:21:27.423314	1
222	8	19	ダミー10	2025-03-05 14:32:48	2025-03-22 00:21:27.423314	1
223	8	20	ダミー11	2025-03-05 14:32:48	2025-03-22 00:21:27.423314	1
224	8	21	ダミー12	2025-03-05 14:32:48	2025-03-22 00:21:27.423314	1
225	8	22	ダミー13	2025-03-05 14:32:48	2025-03-22 00:21:27.423314	1
226	8	23	ダミー14	2025-03-05 14:32:48	2025-03-22 00:21:27.423314	1
227	8	24	ダミー15	2025-03-05 14:32:48	2025-03-22 00:21:27.423314	1
228	8	25	ダミー16	2025-03-05 14:32:48	2025-03-22 00:21:27.423314	1
229	8	26	ダミー17	2025-03-05 14:32:48	2025-03-22 00:21:27.423314	1
230	8	27	ダミー18	2025-03-05 14:32:48	2025-03-22 00:21:27.423314	1
231	8	28	ダミー19	2025-03-05 14:32:48	2025-03-22 00:21:27.423314	1
232	8	29	ダミー20	2025-03-05 14:32:48	2025-03-22 00:21:27.423314	1
233	9	1	9	2025-03-05 14:32:48	2025-03-22 00:21:27.423314	1
234	9	2	テーマC	2025-03-05 14:32:48	2025-03-22 00:21:27.423314	1
235	9	3	2024	2025-03-05 14:32:48	2025-03-22 00:21:27.423314	1
236	9	4	種別A	2025-03-05 14:32:48	2025-03-22 00:21:27.423314	1
237	9	5	B003	2025-03-05 14:32:48	2025-03-22 00:21:27.423314	1
238	9	6	予算名A	2025-03-05 14:32:48	2025-03-22 00:21:27.423314	1
239	9	7	100000	2025-03-05 14:32:48	2025-03-22 00:21:27.423314	1
240	9	8	部門A	2025-03-05 14:32:48	2025-03-22 00:21:27.423314	1
241	9	9	部門B	2025-03-05 14:32:48	2025-03-22 00:21:27.423314	1
242	9	10	ダミー1	2025-03-05 14:32:48	2025-03-22 00:21:27.423314	1
243	9	11	ダミー2	2025-03-05 14:32:48	2025-03-22 00:21:27.423314	1
244	9	12	ダミー3	2025-03-05 14:32:48	2025-03-22 00:21:27.423314	1
245	9	13	ダミー4	2025-03-05 14:32:48	2025-03-22 00:21:27.423314	1
246	9	14	ダミー5	2025-03-05 14:32:48	2025-03-22 00:21:27.423314	1
247	9	15	ダミー6	2025-03-05 14:32:48	2025-03-22 00:21:27.423314	1
248	9	16	ダミー7	2025-03-05 14:32:48	2025-03-22 00:21:27.423314	1
249	9	17	ダミー8	2025-03-05 14:32:48	2025-03-22 00:21:27.423314	1
250	9	18	ダミー9	2025-03-05 14:32:48	2025-03-22 00:21:27.423314	1
251	9	19	ダミー10	2025-03-05 14:32:48	2025-03-22 00:21:27.423314	1
252	9	20	ダミー11	2025-03-05 14:32:48	2025-03-22 00:21:27.423314	1
253	9	21	ダミー12	2025-03-05 14:32:48	2025-03-22 00:21:27.423314	1
254	9	22	ダミー13	2025-03-05 14:32:48	2025-03-22 00:21:27.423314	1
255	9	23	ダミー14	2025-03-05 14:32:48	2025-03-22 00:21:27.423314	1
256	9	24	ダミー15	2025-03-05 14:32:48	2025-03-22 00:21:27.423314	1
257	9	25	ダミー16	2025-03-05 14:32:48	2025-03-22 00:21:27.423314	1
258	9	26	ダミー17	2025-03-05 14:32:48	2025-03-22 00:21:27.423314	1
259	9	27	ダミー18	2025-03-05 14:32:48	2025-03-22 00:21:27.423314	1
260	9	28	ダミー19	2025-03-05 14:32:48	2025-03-22 00:21:27.423314	1
261	9	29	ダミー20	2025-03-05 14:32:48	2025-03-22 00:21:27.423314	1
262	10	1	10	2025-03-05 14:32:48	2025-03-22 00:21:27.423314	1
263	10	2	テーマC	2025-03-05 14:32:48	2025-03-22 00:21:27.423314	1
264	10	3	2024	2025-03-05 14:32:48	2025-03-22 00:21:27.423314	1
265	10	4	種別A	2025-03-05 14:32:48	2025-03-22 00:21:27.423314	1
266	10	5	B003	2025-03-05 14:32:48	2025-03-22 00:21:27.423314	1
267	10	6	予算名B	2025-03-05 14:32:48	2025-03-22 00:21:27.423314	1
268	10	7	100000	2025-03-05 14:32:48	2025-03-22 00:21:27.423314	1
269	10	8	部門A	2025-03-05 14:32:48	2025-03-22 00:21:27.423314	1
270	10	9	部門B	2025-03-05 14:32:48	2025-03-22 00:21:27.423314	1
271	10	10	ダミー1	2025-03-05 14:32:48	2025-03-22 00:21:27.423314	1
272	10	11	ダミー2	2025-03-05 14:32:48	2025-03-22 00:21:27.423314	1
273	10	12	ダミー3	2025-03-05 14:32:48	2025-03-22 00:21:27.423314	1
274	10	13	ダミー4	2025-03-05 14:32:48	2025-03-22 00:21:27.423314	1
275	10	14	ダミー5	2025-03-05 14:32:48	2025-03-22 00:21:27.423314	1
276	10	15	ダミー6	2025-03-05 14:32:48	2025-03-22 00:21:27.423314	1
277	10	16	ダミー7	2025-03-05 14:32:48	2025-03-22 00:21:27.423314	1
278	10	17	ダミー8	2025-03-05 14:32:48	2025-03-22 00:21:27.423314	1
279	10	18	ダミー9	2025-03-05 14:32:48	2025-03-22 00:21:27.423314	1
280	10	19	ダミー10	2025-03-05 14:32:48	2025-03-22 00:21:27.423314	1
281	10	20	ダミー11	2025-03-05 14:32:48	2025-03-22 00:21:27.423314	1
282	10	21	ダミー12	2025-03-05 14:32:48	2025-03-22 00:21:27.423314	1
283	10	22	ダミー13	2025-03-05 14:32:48	2025-03-22 00:21:27.423314	1
284	10	23	ダミー14	2025-03-05 14:32:48	2025-03-22 00:21:27.423314	1
285	10	24	ダミー15	2025-03-05 14:32:48	2025-03-22 00:21:27.423314	1
286	10	25	ダミー16	2025-03-05 14:32:48	2025-03-22 00:21:27.423314	1
287	10	26	ダミー17	2025-03-05 14:32:48	2025-03-22 00:21:27.423314	1
288	10	27	ダミー18	2025-03-05 14:32:48	2025-03-22 00:21:27.423314	1
289	10	28	ダミー19	2025-03-05 14:32:48	2025-03-22 00:21:27.423314	1
290	10	29	ダミー20	2025-03-05 14:32:48	2025-03-22 00:21:27.423314	1
291	11	1	11	2025-03-05 14:32:48	2025-03-22 00:21:27.423314	1
292	11	2	テーマC	2025-03-05 14:32:48	2025-03-22 00:21:27.423314	1
293	11	3	2024	2025-03-05 14:32:48	2025-03-22 00:21:27.423314	1
294	11	4	種別A	2025-03-05 14:32:48	2025-03-22 00:21:27.423314	1
295	11	5	B003	2025-03-05 14:32:48	2025-03-22 00:21:27.423314	1
296	11	6	予算名C	2025-03-05 14:32:48	2025-03-22 00:21:27.423314	1
297	11	7	100000	2025-03-05 14:32:48	2025-03-22 00:21:27.423314	1
298	11	8	部門A	2025-03-05 14:32:48	2025-03-22 00:21:27.423314	1
299	11	9	部門B	2025-03-05 14:32:48	2025-03-22 00:21:27.423314	1
300	11	10	ダミー1	2025-03-05 14:32:48	2025-03-22 00:21:27.423314	1
301	11	11	ダミー2	2025-03-05 14:32:48	2025-03-22 00:21:27.423314	1
302	11	12	ダミー3	2025-03-05 14:32:48	2025-03-22 00:21:27.423314	1
303	11	13	ダミー4	2025-03-05 14:32:48	2025-03-22 00:21:27.423314	1
304	11	14	ダミー5	2025-03-05 14:32:48	2025-03-22 00:21:27.423314	1
305	11	15	ダミー6	2025-03-05 14:32:48	2025-03-22 00:21:27.423314	1
306	11	16	ダミー7	2025-03-05 14:32:48	2025-03-22 00:21:27.423314	1
307	11	17	ダミー8	2025-03-05 14:32:48	2025-03-22 00:21:27.423314	1
308	11	18	ダミー9	2025-03-05 14:32:48	2025-03-22 00:21:27.423314	1
309	11	19	ダミー10	2025-03-05 14:32:48	2025-03-22 00:21:27.423314	1
310	11	20	ダミー11	2025-03-05 14:32:48	2025-03-22 00:21:27.423314	1
311	11	21	ダミー12	2025-03-05 14:32:48	2025-03-22 00:21:27.423314	1
312	11	22	ダミー13	2025-03-05 14:32:48	2025-03-22 00:21:27.423314	1
313	11	23	ダミー14	2025-03-05 14:32:48	2025-03-22 00:21:27.423314	1
314	11	24	ダミー15	2025-03-05 14:32:48	2025-03-22 00:21:27.423314	1
315	11	25	ダミー16	2025-03-05 14:32:48	2025-03-22 00:21:27.423314	1
316	11	26	ダミー17	2025-03-05 14:32:48	2025-03-22 00:21:27.423314	1
317	11	27	ダミー18	2025-03-05 14:32:48	2025-03-22 00:21:27.423314	1
318	11	28	ダミー19	2025-03-05 14:32:48	2025-03-22 00:21:27.423314	1
319	11	29	ダミー20	2025-03-05 14:32:48	2025-03-22 00:21:27.423314	1
320	12	1	12	2025-03-05 14:32:48	2025-03-22 00:21:27.423314	1
321	12	2	テーマC	2025-03-05 14:32:48	2025-03-22 00:21:27.423314	1
322	12	3	2024	2025-03-05 14:32:48	2025-03-22 00:21:27.423314	1
323	12	4	種別A	2025-03-05 14:32:48	2025-03-22 00:21:27.423314	1
324	12	5	B003	2025-03-05 14:32:48	2025-03-22 00:21:27.423314	1
325	12	6	予算名D	2025-03-05 14:32:48	2025-03-22 00:21:27.423314	1
326	12	7	100000	2025-03-05 14:32:48	2025-03-22 00:21:27.423314	1
327	12	8	部門A	2025-03-05 14:32:48	2025-03-22 00:21:27.423314	1
328	12	9	部門B	2025-03-05 14:32:48	2025-03-22 00:21:27.423314	1
329	12	10	ダミー1	2025-03-05 14:32:48	2025-03-22 00:21:27.423314	1
330	12	11	ダミー2	2025-03-05 14:32:48	2025-03-22 00:21:27.423314	1
331	12	12	ダミー3	2025-03-05 14:32:48	2025-03-22 00:21:27.423314	1
332	12	13	ダミー4	2025-03-05 14:32:48	2025-03-22 00:21:27.423314	1
333	12	14	ダミー5	2025-03-05 14:32:48	2025-03-22 00:21:27.423314	1
334	12	15	ダミー6	2025-03-05 14:32:48	2025-03-22 00:21:27.423314	1
335	12	16	ダミー7	2025-03-05 14:32:48	2025-03-22 00:21:27.423314	1
336	12	17	ダミー8	2025-03-05 14:32:48	2025-03-22 00:21:27.423314	1
337	12	18	ダミー9	2025-03-05 14:32:48	2025-03-22 00:21:27.423314	1
338	12	19	ダミー10	2025-03-05 14:32:48	2025-03-22 00:21:27.423314	1
339	12	20	ダミー11	2025-03-05 14:32:48	2025-03-22 00:21:27.423314	1
371	13	23	ダミー14	2025-03-05 14:32:48	2025-03-22 00:21:27.423314	1
340	12	21	ダミー12	2025-03-05 14:32:48	2025-03-22 00:21:27.423314	1
341	12	22	ダミー13	2025-03-05 14:32:48	2025-03-22 00:21:27.423314	1
342	12	23	ダミー14	2025-03-05 14:32:48	2025-03-22 00:21:27.423314	1
343	12	24	ダミー15	2025-03-05 14:32:48	2025-03-22 00:21:27.423314	1
344	12	25	ダミー16	2025-03-05 14:32:48	2025-03-22 00:21:27.423314	1
345	12	26	ダミー17	2025-03-05 14:32:48	2025-03-22 00:21:27.423314	1
346	12	27	ダミー18	2025-03-05 14:32:48	2025-03-22 00:21:27.423314	1
347	12	28	ダミー19	2025-03-05 14:32:48	2025-03-22 00:21:27.423314	1
348	12	29	ダミー20	2025-03-05 14:32:48	2025-03-22 00:21:27.423314	1
349	13	1	13	2025-03-05 14:32:48	2025-03-22 00:21:27.423314	1
350	13	2	テーマD	2025-03-05 14:32:48	2025-03-22 00:21:27.423314	1
351	13	3	2024	2025-03-05 14:32:48	2025-03-22 00:21:27.423314	1
352	13	4	種別B	2025-03-05 14:32:48	2025-03-22 00:21:27.423314	1
353	13	5	B004	2025-03-05 14:32:48	2025-03-22 00:21:27.423314	1
354	13	6	予算名A	2025-03-05 14:32:48	2025-03-22 00:21:27.423314	1
355	13	7	100000	2025-03-05 14:32:48	2025-03-22 00:21:27.423314	1
356	13	8	部門A	2025-03-05 14:32:48	2025-03-22 00:21:27.423314	1
357	13	9	部門B	2025-03-05 14:32:48	2025-03-22 00:21:27.423314	1
358	13	10	ダミー1	2025-03-05 14:32:48	2025-03-22 00:21:27.423314	1
359	13	11	ダミー2	2025-03-05 14:32:48	2025-03-22 00:21:27.423314	1
360	13	12	ダミー3	2025-03-05 14:32:48	2025-03-22 00:21:27.423314	1
361	13	13	ダミー4	2025-03-05 14:32:48	2025-03-22 00:21:27.423314	1
362	13	14	ダミー5	2025-03-05 14:32:48	2025-03-22 00:21:27.423314	1
363	13	15	ダミー6	2025-03-05 14:32:48	2025-03-22 00:21:27.423314	1
364	13	16	ダミー7	2025-03-05 14:32:48	2025-03-22 00:21:27.423314	1
365	13	17	ダミー8	2025-03-05 14:32:48	2025-03-22 00:21:27.423314	1
366	13	18	ダミー9	2025-03-05 14:32:48	2025-03-22 00:21:27.423314	1
367	13	19	ダミー10	2025-03-05 14:32:48	2025-03-22 00:21:27.423314	1
368	13	20	ダミー11	2025-03-05 14:32:48	2025-03-22 00:21:27.423314	1
369	13	21	ダミー12	2025-03-05 14:32:48	2025-03-22 00:21:27.423314	1
370	13	22	ダミー13	2025-03-05 14:32:48	2025-03-22 00:21:27.423314	1
372	13	24	ダミー15	2025-03-05 14:32:48	2025-03-22 00:21:27.423314	1
373	13	25	ダミー16	2025-03-05 14:32:48	2025-03-22 00:21:27.423314	1
374	13	26	ダミー17	2025-03-05 14:32:48	2025-03-22 00:21:27.423314	1
375	13	27	ダミー18	2025-03-05 14:32:48	2025-03-22 00:21:27.423314	1
376	13	28	ダミー19	2025-03-05 14:32:48	2025-03-22 00:21:27.423314	1
377	13	29	ダミー20	2025-03-05 14:32:48	2025-03-22 00:21:27.423314	1
378	14	1	14	2025-03-05 14:32:48	2025-03-22 00:21:27.423314	1
379	14	2	テーマD	2025-03-05 14:32:48	2025-03-22 00:21:27.423314	1
380	14	3	2024	2025-03-05 14:32:48	2025-03-22 00:21:27.423314	1
381	14	4	種別B	2025-03-05 14:32:48	2025-03-22 00:21:27.423314	1
382	14	5	B004	2025-03-05 14:32:48	2025-03-22 00:21:27.423314	1
383	14	6	予算名B	2025-03-05 14:32:48	2025-03-22 00:21:27.423314	1
384	14	7	100000	2025-03-05 14:32:48	2025-03-22 00:21:27.423314	1
385	14	8	部門A	2025-03-05 14:32:48	2025-03-22 00:21:27.423314	1
386	14	9	部門B	2025-03-05 14:32:48	2025-03-22 00:21:27.423314	1
387	14	10	ダミー1	2025-03-05 14:32:48	2025-03-22 00:21:27.423314	1
388	14	11	ダミー2	2025-03-05 14:32:48	2025-03-22 00:21:27.423314	1
389	14	12	ダミー3	2025-03-05 14:32:48	2025-03-22 00:21:27.423314	1
390	14	13	ダミー4	2025-03-05 14:32:48	2025-03-22 00:21:27.423314	1
391	14	14	ダミー5	2025-03-05 14:32:48	2025-03-22 00:21:27.423314	1
392	14	15	ダミー6	2025-03-05 14:32:48	2025-03-22 00:21:27.423314	1
393	14	16	ダミー7	2025-03-05 14:32:48	2025-03-22 00:21:27.423314	1
394	14	17	ダミー8	2025-03-05 14:32:48	2025-03-22 00:21:27.423314	1
395	14	18	ダミー9	2025-03-05 14:32:48	2025-03-22 00:21:27.423314	1
396	14	19	ダミー10	2025-03-05 14:32:48	2025-03-22 00:21:27.423314	1
397	14	20	ダミー11	2025-03-05 14:32:48	2025-03-22 00:21:27.423314	1
398	14	21	ダミー12	2025-03-05 14:32:48	2025-03-22 00:21:27.423314	1
399	14	22	ダミー13	2025-03-05 14:32:48	2025-03-22 00:21:27.423314	1
400	14	23	ダミー14	2025-03-05 14:32:48	2025-03-22 00:21:27.423314	1
401	14	24	ダミー15	2025-03-05 14:32:48	2025-03-22 00:21:27.423314	1
402	14	25	ダミー16	2025-03-05 14:32:48	2025-03-22 00:21:27.423314	1
403	14	26	ダミー17	2025-03-05 14:32:48	2025-03-22 00:21:27.423314	1
404	14	27	ダミー18	2025-03-05 14:32:48	2025-03-22 00:21:27.423314	1
405	14	28	ダミー19	2025-03-05 14:32:48	2025-03-22 00:21:27.423314	1
406	14	29	ダミー20	2025-03-05 14:32:48	2025-03-22 00:21:27.423314	1
407	15	1	15	2025-03-05 14:32:48	2025-03-22 00:21:27.423314	1
408	15	2	テーマD	2025-03-05 14:32:48	2025-03-22 00:21:27.423314	1
409	15	3	2024	2025-03-05 14:32:48	2025-03-22 00:21:27.423314	1
410	15	4	種別B	2025-03-05 14:32:48	2025-03-22 00:21:27.423314	1
411	15	5	B004	2025-03-05 14:32:48	2025-03-22 00:21:27.423314	1
412	15	6	予算名C	2025-03-05 14:32:48	2025-03-22 00:21:27.423314	1
413	15	7	100000	2025-03-05 14:32:48	2025-03-22 00:21:27.423314	1
414	15	8	部門A	2025-03-05 14:32:48	2025-03-22 00:21:27.423314	1
415	15	9	部門B	2025-03-05 14:32:48	2025-03-22 00:21:27.423314	1
416	15	10	ダミー1	2025-03-05 14:32:48	2025-03-22 00:21:27.423314	1
417	15	11	ダミー2	2025-03-05 14:32:48	2025-03-22 00:21:27.423314	1
418	15	12	ダミー3	2025-03-05 14:32:48	2025-03-22 00:21:27.423314	1
419	15	13	ダミー4	2025-03-05 14:32:48	2025-03-22 00:21:27.423314	1
420	15	14	ダミー5	2025-03-05 14:32:48	2025-03-22 00:21:27.423314	1
421	15	15	ダミー6	2025-03-05 14:32:48	2025-03-22 00:21:27.423314	1
422	15	16	ダミー7	2025-03-05 14:32:48	2025-03-22 00:21:27.423314	1
423	15	17	ダミー8	2025-03-05 14:32:48	2025-03-22 00:21:27.423314	1
424	15	18	ダミー9	2025-03-05 14:32:48	2025-03-22 00:21:27.423314	1
425	15	19	ダミー10	2025-03-05 14:32:48	2025-03-22 00:21:27.423314	1
426	15	20	ダミー11	2025-03-05 14:32:48	2025-03-22 00:21:27.423314	1
427	15	21	ダミー12	2025-03-05 14:32:48	2025-03-22 00:21:27.423314	1
428	15	22	ダミー13	2025-03-05 14:32:48	2025-03-22 00:21:27.423314	1
429	15	23	ダミー14	2025-03-05 14:32:48	2025-03-22 00:21:27.423314	1
430	15	24	ダミー15	2025-03-05 14:32:48	2025-03-22 00:21:27.423314	1
431	15	25	ダミー16	2025-03-05 14:32:48	2025-03-22 00:21:27.423314	1
432	15	26	ダミー17	2025-03-05 14:32:48	2025-03-22 00:21:27.423314	1
433	15	27	ダミー18	2025-03-05 14:32:48	2025-03-22 00:21:27.423314	1
434	15	28	ダミー19	2025-03-05 14:32:48	2025-03-22 00:21:27.423314	1
435	15	29	ダミー20	2025-03-05 14:32:48	2025-03-22 00:21:27.423314	1
436	16	1	16	2025-03-05 14:32:48	2025-03-22 00:21:27.423314	1
437	16	2	テーマD	2025-03-05 14:32:48	2025-03-22 00:21:27.423314	1
438	16	3	2024	2025-03-05 14:32:48	2025-03-22 00:21:27.423314	1
439	16	4	種別B	2025-03-05 14:32:48	2025-03-22 00:21:27.423314	1
440	16	5	B004	2025-03-05 14:32:48	2025-03-22 00:21:27.423314	1
441	16	6	予算名D	2025-03-05 14:32:48	2025-03-22 00:21:27.423314	1
443	16	8	部門A	2025-03-05 14:32:48	2025-03-22 00:21:27.423314	1
444	16	9	部門B	2025-03-05 14:32:48	2025-03-22 00:21:27.423314	1
445	16	10	ダミー1	2025-03-05 14:32:48	2025-03-22 00:21:27.423314	1
446	16	11	ダミー2	2025-03-05 14:32:48	2025-03-22 00:21:27.423314	1
447	16	12	ダミー3	2025-03-05 14:32:48	2025-03-22 00:21:27.423314	1
448	16	13	ダミー4	2025-03-05 14:32:48	2025-03-22 00:21:27.423314	1
449	16	14	ダミー5	2025-03-05 14:32:48	2025-03-22 00:21:27.423314	1
450	16	15	ダミー6	2025-03-05 14:32:48	2025-03-22 00:21:27.423314	1
451	16	16	ダミー7	2025-03-05 14:32:48	2025-03-22 00:21:27.423314	1
452	16	17	ダミー8	2025-03-05 14:32:48	2025-03-22 00:21:27.423314	1
453	16	18	ダミー9	2025-03-05 14:32:48	2025-03-22 00:21:27.423314	1
454	16	19	ダミー10	2025-03-05 14:32:48	2025-03-22 00:21:27.423314	1
455	16	20	ダミー11	2025-03-05 14:32:48	2025-03-22 00:21:27.423314	1
456	16	21	ダミー12	2025-03-05 14:32:48	2025-03-22 00:21:27.423314	1
457	16	22	ダミー13	2025-03-05 14:32:48	2025-03-22 00:21:27.423314	1
458	16	23	ダミー14	2025-03-05 14:32:48	2025-03-22 00:21:27.423314	1
459	16	24	ダミー15	2025-03-05 14:32:48	2025-03-22 00:21:27.423314	1
460	16	25	ダミー16	2025-03-05 14:32:48	2025-03-22 00:21:27.423314	1
461	16	26	ダミー17	2025-03-05 14:32:48	2025-03-22 00:21:27.423314	1
462	16	27	ダミー18	2025-03-05 14:32:48	2025-03-22 00:21:27.423314	1
463	16	28	ダミー19	2025-03-05 14:32:48	2025-03-22 00:21:27.423314	1
464	16	29	ダミー20	2025-03-05 14:32:48	2025-03-22 00:21:27.423314	1
465	17	1	17	2025-03-05 14:32:48	2025-03-22 00:21:27.423314	1
466	17	2	テーマE	2025-03-05 14:32:48	2025-03-22 00:21:27.423314	1
467	17	3	2025	2025-03-05 14:32:48	2025-03-22 00:21:27.423314	1
468	17	4	種別A	2025-03-05 14:32:48	2025-03-22 00:21:27.423314	1
469	17	5	B005	2025-03-05 14:32:48	2025-03-22 00:21:27.423314	1
470	17	6	予算名A	2025-03-05 14:32:48	2025-03-22 00:21:27.423314	1
471	17	7	100000	2025-03-05 14:32:48	2025-03-22 00:21:27.423314	1
472	17	8	部門A	2025-03-05 14:32:48	2025-03-22 00:21:27.423314	1
473	17	9	部門B	2025-03-05 14:32:48	2025-03-22 00:21:27.423314	1
474	17	10	ダミー1	2025-03-05 14:32:48	2025-03-22 00:21:27.423314	1
475	17	11	ダミー2	2025-03-05 14:32:48	2025-03-22 00:21:27.423314	1
476	17	12	ダミー3	2025-03-05 14:32:48	2025-03-22 00:21:27.423314	1
477	17	13	ダミー4	2025-03-05 14:32:48	2025-03-22 00:21:27.423314	1
478	17	14	ダミー5	2025-03-05 14:32:48	2025-03-22 00:21:27.423314	1
479	17	15	ダミー6	2025-03-05 14:32:48	2025-03-22 00:21:27.423314	1
480	17	16	ダミー7	2025-03-05 14:32:48	2025-03-22 00:21:27.423314	1
481	17	17	ダミー8	2025-03-05 14:32:48	2025-03-22 00:21:27.423314	1
482	17	18	ダミー9	2025-03-05 14:32:48	2025-03-22 00:21:27.423314	1
483	17	19	ダミー10	2025-03-05 14:32:48	2025-03-22 00:21:27.423314	1
484	17	20	ダミー11	2025-03-05 14:32:48	2025-03-22 00:21:27.423314	1
485	17	21	ダミー12	2025-03-05 14:32:48	2025-03-22 00:21:27.423314	1
486	17	22	ダミー13	2025-03-05 14:32:48	2025-03-22 00:21:27.423314	1
487	17	23	ダミー14	2025-03-05 14:32:48	2025-03-22 00:21:27.423314	1
488	17	24	ダミー15	2025-03-05 14:32:48	2025-03-22 00:21:27.423314	1
489	17	25	ダミー16	2025-03-05 14:32:48	2025-03-22 00:21:27.423314	1
490	17	26	ダミー17	2025-03-05 14:32:48	2025-03-22 00:21:27.423314	1
491	17	27	ダミー18	2025-03-05 14:32:48	2025-03-22 00:21:27.423314	1
492	17	28	ダミー19	2025-03-05 14:32:48	2025-03-22 00:21:27.423314	1
493	17	29	ダミー20	2025-03-05 14:32:48	2025-03-22 00:21:27.423314	1
494	18	1	18	2025-03-05 14:32:48	2025-03-22 00:21:27.423314	1
495	18	2	テーマE	2025-03-05 14:32:48	2025-03-22 00:21:27.423314	1
496	18	3	2025	2025-03-05 14:32:48	2025-03-22 00:21:27.423314	1
497	18	4	種別A	2025-03-05 14:32:48	2025-03-22 00:21:27.423314	1
498	18	5	B005	2025-03-05 14:32:48	2025-03-22 00:21:27.423314	1
499	18	6	予算名B	2025-03-05 14:32:48	2025-03-22 00:21:27.423314	1
500	18	7	100000	2025-03-05 14:32:48	2025-03-22 00:21:27.423314	1
501	18	8	部門A	2025-03-05 14:32:48	2025-03-22 00:21:27.423314	1
502	18	9	部門B	2025-03-05 14:32:48	2025-03-22 00:21:27.423314	1
503	18	10	ダミー1	2025-03-05 14:32:48	2025-03-22 00:21:27.423314	1
504	18	11	ダミー2	2025-03-05 14:32:48	2025-03-22 00:21:27.423314	1
505	18	12	ダミー3	2025-03-05 14:32:48	2025-03-22 00:21:27.423314	1
506	18	13	ダミー4	2025-03-05 14:32:48	2025-03-22 00:21:27.423314	1
507	18	14	ダミー5	2025-03-05 14:32:48	2025-03-22 00:21:27.423314	1
508	18	15	ダミー6	2025-03-05 14:32:48	2025-03-22 00:21:27.423314	1
509	18	16	ダミー7	2025-03-05 14:32:48	2025-03-22 00:21:27.423314	1
510	18	17	ダミー8	2025-03-05 14:32:48	2025-03-22 00:21:27.423314	1
511	18	18	ダミー9	2025-03-05 14:32:48	2025-03-22 00:21:27.423314	1
512	18	19	ダミー10	2025-03-05 14:32:48	2025-03-22 00:21:27.423314	1
513	18	20	ダミー11	2025-03-05 14:32:48	2025-03-22 00:21:27.423314	1
514	18	21	ダミー12	2025-03-05 14:32:48	2025-03-22 00:21:27.423314	1
515	18	22	ダミー13	2025-03-05 14:32:48	2025-03-22 00:21:27.423314	1
516	18	23	ダミー14	2025-03-05 14:32:48	2025-03-22 00:21:27.423314	1
517	18	24	ダミー15	2025-03-05 14:32:48	2025-03-22 00:21:27.423314	1
518	18	25	ダミー16	2025-03-05 14:32:48	2025-03-22 00:21:27.423314	1
519	18	26	ダミー17	2025-03-05 14:32:48	2025-03-22 00:21:27.423314	1
520	18	27	ダミー18	2025-03-05 14:32:48	2025-03-22 00:21:27.423314	1
521	18	28	ダミー19	2025-03-05 14:32:48	2025-03-22 00:21:27.423314	1
522	18	29	ダミー20	2025-03-05 14:32:48	2025-03-22 00:21:27.423314	1
523	19	1	19	2025-03-05 14:32:48	2025-03-22 00:21:27.423314	1
524	19	2	テーマE	2025-03-05 14:32:48	2025-03-22 00:21:27.423314	1
525	19	3	2025	2025-03-05 14:32:48	2025-03-22 00:21:27.423314	1
526	19	4	種別A	2025-03-05 14:32:48	2025-03-22 00:21:27.423314	1
527	19	5	B005	2025-03-05 14:32:48	2025-03-22 00:21:27.423314	1
528	19	6	予算名C	2025-03-05 14:32:48	2025-03-22 00:21:27.423314	1
529	19	7	100000	2025-03-05 14:32:48	2025-03-22 00:21:27.423314	1
530	19	8	部門A	2025-03-05 14:32:48	2025-03-22 00:21:27.423314	1
531	19	9	部門B	2025-03-05 14:32:48	2025-03-22 00:21:27.423314	1
532	19	10	ダミー1	2025-03-05 14:32:48	2025-03-22 00:21:27.423314	1
533	19	11	ダミー2	2025-03-05 14:32:48	2025-03-22 00:21:27.423314	1
534	19	12	ダミー3	2025-03-05 14:32:48	2025-03-22 00:21:27.423314	1
535	19	13	ダミー4	2025-03-05 14:32:48	2025-03-22 00:21:27.423314	1
536	19	14	ダミー5	2025-03-05 14:32:48	2025-03-22 00:21:27.423314	1
537	19	15	ダミー6	2025-03-05 14:32:48	2025-03-22 00:21:27.423314	1
538	19	16	ダミー7	2025-03-05 14:32:48	2025-03-22 00:21:27.423314	1
539	19	17	ダミー8	2025-03-05 14:32:48	2025-03-22 00:21:27.423314	1
540	19	18	ダミー9	2025-03-05 14:32:48	2025-03-22 00:21:27.423314	1
541	19	19	ダミー10	2025-03-05 14:32:48	2025-03-22 00:21:27.423314	1
542	19	20	ダミー11	2025-03-05 14:32:48	2025-03-22 00:21:27.423314	1
543	19	21	ダミー12	2025-03-05 14:32:48	2025-03-22 00:21:27.423314	1
544	19	22	ダミー13	2025-03-05 14:32:48	2025-03-22 00:21:27.423314	1
545	19	23	ダミー14	2025-03-05 14:32:48	2025-03-22 00:21:27.423314	1
546	19	24	ダミー15	2025-03-05 14:32:48	2025-03-22 00:21:27.423314	1
547	19	25	ダミー16	2025-03-05 14:32:48	2025-03-22 00:21:27.423314	1
548	19	26	ダミー17	2025-03-05 14:32:48	2025-03-22 00:21:27.423314	1
549	19	27	ダミー18	2025-03-05 14:32:48	2025-03-22 00:21:27.423314	1
550	19	28	ダミー19	2025-03-05 14:32:48	2025-03-22 00:21:27.423314	1
551	19	29	ダミー20	2025-03-05 14:32:48	2025-03-22 00:21:27.423314	1
552	20	1	20	2025-03-05 14:32:48	2025-03-22 00:21:27.423314	1
553	20	2	テーマE	2025-03-05 14:32:48	2025-03-22 00:21:27.423314	1
554	20	3	2025	2025-03-05 14:32:48	2025-03-22 00:21:27.423314	1
555	20	4	種別A	2025-03-05 14:32:48	2025-03-22 00:21:27.423314	1
556	20	5	B005	2025-03-05 14:32:48	2025-03-22 00:21:27.423314	1
557	20	6	予算名D	2025-03-05 14:32:48	2025-03-22 00:21:27.423314	1
558	20	7	100000	2025-03-05 14:32:48	2025-03-22 00:21:27.423314	1
559	20	8	部門A	2025-03-05 14:32:48	2025-03-22 00:21:27.423314	1
560	20	9	部門B	2025-03-05 14:32:48	2025-03-22 00:21:27.423314	1
561	20	10	ダミー1	2025-03-05 14:32:48	2025-03-22 00:21:27.423314	1
562	20	11	ダミー2	2025-03-05 14:32:48	2025-03-22 00:21:27.423314	1
563	20	12	ダミー3	2025-03-05 14:32:48	2025-03-22 00:21:27.423314	1
564	20	13	ダミー4	2025-03-05 14:32:48	2025-03-22 00:21:27.423314	1
565	20	14	ダミー5	2025-03-05 14:32:48	2025-03-22 00:21:27.423314	1
566	20	15	ダミー6	2025-03-05 14:32:48	2025-03-22 00:21:27.423314	1
567	20	16	ダミー7	2025-03-05 14:32:48	2025-03-22 00:21:27.423314	1
568	20	17	ダミー8	2025-03-05 14:32:48	2025-03-22 00:21:27.423314	1
569	20	18	ダミー9	2025-03-05 14:32:48	2025-03-22 00:21:27.423314	1
570	20	19	ダミー10	2025-03-05 14:32:48	2025-03-22 00:21:27.423314	1
571	20	20	ダミー11	2025-03-05 14:32:48	2025-03-22 00:21:27.423314	1
572	20	21	ダミー12	2025-03-05 14:32:48	2025-03-22 00:21:27.423314	1
573	20	22	ダミー13	2025-03-05 14:32:48	2025-03-22 00:21:27.423314	1
574	20	23	ダミー14	2025-03-05 14:32:48	2025-03-22 00:21:27.423314	1
575	20	24	ダミー15	2025-03-05 14:32:48	2025-03-22 00:21:27.423314	1
576	20	25	ダミー16	2025-03-05 14:32:48	2025-03-22 00:21:27.423314	1
577	20	26	ダミー17	2025-03-05 14:32:48	2025-03-22 00:21:27.423314	1
578	20	27	ダミー18	2025-03-05 14:32:48	2025-03-22 00:21:27.423314	1
579	20	28	ダミー19	2025-03-05 14:32:48	2025-03-22 00:21:27.423314	1
580	20	29	ダミー20	2025-03-05 14:32:48	2025-03-22 00:21:27.423314	1
581	21	1	21	2025-03-05 14:32:48	2025-03-22 00:21:27.423314	1
582	21	2	テーマF	2025-03-05 14:32:48	2025-03-22 00:21:27.423314	1
583	21	3	2025	2025-03-05 14:32:48	2025-03-22 00:21:27.423314	1
584	21	4	種別B	2025-03-05 14:32:48	2025-03-22 00:21:27.423314	1
585	21	5	B006	2025-03-05 14:32:48	2025-03-22 00:21:27.423314	1
586	21	6	予算名A	2025-03-05 14:32:48	2025-03-22 00:21:27.423314	1
587	21	7	100000	2025-03-05 14:32:48	2025-03-22 00:21:27.423314	1
588	21	8	部門A	2025-03-05 14:32:48	2025-03-22 00:21:27.423314	1
589	21	9	部門B	2025-03-05 14:32:48	2025-03-22 00:21:27.423314	1
590	21	10	ダミー1	2025-03-05 14:32:48	2025-03-22 00:21:27.423314	1
591	21	11	ダミー2	2025-03-05 14:32:48	2025-03-22 00:21:27.423314	1
592	21	12	ダミー3	2025-03-05 14:32:48	2025-03-22 00:21:27.423314	1
593	21	13	ダミー4	2025-03-05 14:32:48	2025-03-22 00:21:27.423314	1
594	21	14	ダミー5	2025-03-05 14:32:48	2025-03-22 00:21:27.423314	1
595	21	15	ダミー6	2025-03-05 14:32:48	2025-03-22 00:21:27.423314	1
596	21	16	ダミー7	2025-03-05 14:32:48	2025-03-22 00:21:27.423314	1
597	21	17	ダミー8	2025-03-05 14:32:48	2025-03-22 00:21:27.423314	1
598	21	18	ダミー9	2025-03-05 14:32:48	2025-03-22 00:21:27.423314	1
599	21	19	ダミー10	2025-03-05 14:32:48	2025-03-22 00:21:27.423314	1
600	21	20	ダミー11	2025-03-05 14:32:48	2025-03-22 00:21:27.423314	1
601	21	21	ダミー12	2025-03-05 14:32:48	2025-03-22 00:21:27.423314	1
602	21	22	ダミー13	2025-03-05 14:32:48	2025-03-22 00:21:27.423314	1
603	21	23	ダミー14	2025-03-05 14:32:48	2025-03-22 00:21:27.423314	1
604	21	24	ダミー15	2025-03-05 14:32:48	2025-03-22 00:21:27.423314	1
605	21	25	ダミー16	2025-03-05 14:32:48	2025-03-22 00:21:27.423314	1
606	21	26	ダミー17	2025-03-05 14:32:48	2025-03-22 00:21:27.423314	1
607	21	27	ダミー18	2025-03-05 14:32:48	2025-03-22 00:21:27.423314	1
608	21	28	ダミー19	2025-03-05 14:32:48	2025-03-22 00:21:27.423314	1
609	21	29	ダミー20	2025-03-05 14:32:48	2025-03-22 00:21:27.423314	1
610	22	1	22	2025-03-05 14:32:48	2025-03-22 00:21:27.423314	1
611	22	2	テーマF	2025-03-05 14:32:48	2025-03-22 00:21:27.423314	1
612	22	3	2025	2025-03-05 14:32:48	2025-03-22 00:21:27.423314	1
613	22	4	種別B	2025-03-05 14:32:48	2025-03-22 00:21:27.423314	1
614	22	5	B006	2025-03-05 14:32:48	2025-03-22 00:21:27.423314	1
615	22	6	予算名B	2025-03-05 14:32:48	2025-03-22 00:21:27.423314	1
616	22	7	100000	2025-03-05 14:32:48	2025-03-22 00:21:27.423314	1
617	22	8	部門A	2025-03-05 14:32:48	2025-03-22 00:21:27.423314	1
618	22	9	部門B	2025-03-05 14:32:48	2025-03-22 00:21:27.423314	1
619	22	10	ダミー1	2025-03-05 14:32:48	2025-03-22 00:21:27.423314	1
620	22	11	ダミー2	2025-03-05 14:32:48	2025-03-22 00:21:27.423314	1
621	22	12	ダミー3	2025-03-05 14:32:48	2025-03-22 00:21:27.423314	1
622	22	13	ダミー4	2025-03-05 14:32:48	2025-03-22 00:21:27.423314	1
623	22	14	ダミー5	2025-03-05 14:32:48	2025-03-22 00:21:27.423314	1
624	22	15	ダミー6	2025-03-05 14:32:48	2025-03-22 00:21:27.423314	1
625	22	16	ダミー7	2025-03-05 14:32:48	2025-03-22 00:21:27.423314	1
626	22	17	ダミー8	2025-03-05 14:32:48	2025-03-22 00:21:27.423314	1
627	22	18	ダミー9	2025-03-05 14:32:48	2025-03-22 00:21:27.423314	1
628	22	19	ダミー10	2025-03-05 14:32:48	2025-03-22 00:21:27.423314	1
629	22	20	ダミー11	2025-03-05 14:32:48	2025-03-22 00:21:27.423314	1
630	22	21	ダミー12	2025-03-05 14:32:48	2025-03-22 00:21:27.423314	1
631	22	22	ダミー13	2025-03-05 14:32:48	2025-03-22 00:21:27.423314	1
632	22	23	ダミー14	2025-03-05 14:32:48	2025-03-22 00:21:27.423314	1
633	22	24	ダミー15	2025-03-05 14:32:48	2025-03-22 00:21:27.423314	1
634	22	25	ダミー16	2025-03-05 14:32:48	2025-03-22 00:21:27.423314	1
635	22	26	ダミー17	2025-03-05 14:32:48	2025-03-22 00:21:27.423314	1
636	22	27	ダミー18	2025-03-05 14:32:48	2025-03-22 00:21:27.423314	1
637	22	28	ダミー19	2025-03-05 14:32:48	2025-03-22 00:21:27.423314	1
638	22	29	ダミー20	2025-03-05 14:32:48	2025-03-22 00:21:27.423314	1
639	23	1	23	2025-03-05 14:32:48	2025-03-22 00:21:27.423314	1
640	23	2	テーマF	2025-03-05 14:32:48	2025-03-22 00:21:27.423314	1
641	23	3	2025	2025-03-05 14:32:48	2025-03-22 00:21:27.423314	1
642	23	4	種別B	2025-03-05 14:32:48	2025-03-22 00:21:27.423314	1
643	23	5	B006	2025-03-05 14:32:48	2025-03-22 00:21:27.423314	1
644	23	6	予算名C	2025-03-05 14:32:48	2025-03-22 00:21:27.423314	1
645	23	7	100000	2025-03-05 14:32:48	2025-03-22 00:21:27.423314	1
646	23	8	部門A	2025-03-05 14:32:48	2025-03-22 00:21:27.423314	1
647	23	9	部門B	2025-03-05 14:32:48	2025-03-22 00:21:27.423314	1
648	23	10	ダミー1	2025-03-05 14:32:48	2025-03-22 00:21:27.423314	1
649	23	11	ダミー2	2025-03-05 14:32:48	2025-03-22 00:21:27.423314	1
650	23	12	ダミー3	2025-03-05 14:32:48	2025-03-22 00:21:27.423314	1
651	23	13	ダミー4	2025-03-05 14:32:48	2025-03-22 00:21:27.423314	1
652	23	14	ダミー5	2025-03-05 14:32:48	2025-03-22 00:21:27.423314	1
653	23	15	ダミー6	2025-03-05 14:32:48	2025-03-22 00:21:27.423314	1
654	23	16	ダミー7	2025-03-05 14:32:48	2025-03-22 00:21:27.423314	1
655	23	17	ダミー8	2025-03-05 14:32:48	2025-03-22 00:21:27.423314	1
656	23	18	ダミー9	2025-03-05 14:32:48	2025-03-22 00:21:27.423314	1
657	23	19	ダミー10	2025-03-05 14:32:48	2025-03-22 00:21:27.423314	1
658	23	20	ダミー11	2025-03-05 14:32:48	2025-03-22 00:21:27.423314	1
659	23	21	ダミー12	2025-03-05 14:32:48	2025-03-22 00:21:27.423314	1
660	23	22	ダミー13	2025-03-05 14:32:48	2025-03-22 00:21:27.423314	1
661	23	23	ダミー14	2025-03-05 14:32:48	2025-03-22 00:21:27.423314	1
662	23	24	ダミー15	2025-03-05 14:32:48	2025-03-22 00:21:27.423314	1
663	23	25	ダミー16	2025-03-05 14:32:48	2025-03-22 00:21:27.423314	1
664	23	26	ダミー17	2025-03-05 14:32:48	2025-03-22 00:21:27.423314	1
665	23	27	ダミー18	2025-03-05 14:32:48	2025-03-22 00:21:27.423314	1
666	23	28	ダミー19	2025-03-05 14:32:48	2025-03-22 00:21:27.423314	1
667	23	29	ダミー20	2025-03-05 14:32:48	2025-03-22 00:21:27.423314	1
668	24	1	24	2025-03-05 14:32:48	2025-03-22 00:21:27.423314	1
669	24	2	テーマF	2025-03-05 14:32:48	2025-03-22 00:21:27.423314	1
670	24	3	2025	2025-03-05 14:32:48	2025-03-22 00:21:27.423314	1
671	24	4	種別B	2025-03-05 14:32:48	2025-03-22 00:21:27.423314	1
672	24	5	B006	2025-03-05 14:32:48	2025-03-22 00:21:27.423314	1
673	24	6	予算名D	2025-03-05 14:32:48	2025-03-22 00:21:27.423314	1
674	24	7	100000	2025-03-05 14:32:48	2025-03-22 00:21:27.423314	1
675	24	8	部門A	2025-03-05 14:32:48	2025-03-22 00:21:27.423314	1
676	24	9	部門B	2025-03-05 14:32:48	2025-03-22 00:21:27.423314	1
677	24	10	ダミー1	2025-03-05 14:32:48	2025-03-22 00:21:27.423314	1
678	24	11	ダミー2	2025-03-05 14:32:48	2025-03-22 00:21:27.423314	1
679	24	12	ダミー3	2025-03-05 14:32:48	2025-03-22 00:21:27.423314	1
680	24	13	ダミー4	2025-03-05 14:32:48	2025-03-22 00:21:27.423314	1
681	24	14	ダミー5	2025-03-05 14:32:48	2025-03-22 00:21:27.423314	1
682	24	15	ダミー6	2025-03-05 14:32:48	2025-03-22 00:21:27.423314	1
683	24	16	ダミー7	2025-03-05 14:32:48	2025-03-22 00:21:27.423314	1
684	24	17	ダミー8	2025-03-05 14:32:48	2025-03-22 00:21:27.423314	1
685	24	18	ダミー9	2025-03-05 14:32:48	2025-03-22 00:21:27.423314	1
686	24	19	ダミー10	2025-03-05 14:32:48	2025-03-22 00:21:27.423314	1
687	24	20	ダミー11	2025-03-05 14:32:48	2025-03-22 00:21:27.423314	1
688	24	21	ダミー12	2025-03-05 14:32:48	2025-03-22 00:21:27.423314	1
689	24	22	ダミー13	2025-03-05 14:32:48	2025-03-22 00:21:27.423314	1
690	24	23	ダミー14	2025-03-05 14:32:48	2025-03-22 00:21:27.423314	1
691	24	24	ダミー15	2025-03-05 14:32:48	2025-03-22 00:21:27.423314	1
692	24	25	ダミー16	2025-03-05 14:32:48	2025-03-22 00:21:27.423314	1
693	24	26	ダミー17	2025-03-05 14:32:48	2025-03-22 00:21:27.423314	1
694	24	27	ダミー18	2025-03-05 14:32:48	2025-03-22 00:21:27.423314	1
695	24	28	ダミー19	2025-03-05 14:32:48	2025-03-22 00:21:27.423314	1
696	24	29	ダミー20	2025-03-05 14:32:48	2025-03-22 00:21:27.423314	1
3	1	3	2023	2025-03-05 14:32:48	2025-03-22 00:21:27.423314	1
4	1	4	種別A	2025-03-05 14:32:48	2025-03-22 00:21:27.423314	1
5	1	5	B001	2025-03-05 14:32:48	2025-03-22 00:21:27.423314	1
6	1	6	予算名A	2025-03-05 14:32:48	2025-03-22 00:21:27.423314	1
8	1	8	部門A	2025-03-05 14:32:48	2025-03-22 00:21:27.423314	1
9	1	9	部門B	2025-03-05 14:32:48	2025-03-22 00:21:27.423314	1
10	1	10	ダミー1	2025-03-05 14:32:48	2025-03-22 00:21:27.423314	1
11	1	11	ダミー2	2025-03-05 14:32:48	2025-03-22 00:21:27.423314	1
12	1	12	ダミー3	2025-03-05 14:32:48	2025-03-22 00:21:27.423314	1
13	1	13	ダミー4	2025-03-05 14:32:48	2025-03-22 00:21:27.423314	1
14	1	14	ダミー5	2025-03-05 14:32:48	2025-03-22 00:21:27.423314	1
15	1	15	ダミー6	2025-03-05 14:32:48	2025-03-22 00:21:27.423314	1
16	1	16	ダミー7	2025-03-05 14:32:48	2025-03-22 00:21:27.423314	1
17	1	17	ダミー8	2025-03-05 14:32:48	2025-03-22 00:21:27.423314	1
18	1	18	ダミー9	2025-03-05 14:32:48	2025-03-22 00:21:27.423314	1
19	1	19	ダミー10	2025-03-05 14:32:48	2025-03-22 00:21:27.423314	1
20	1	20	ダミー11	2025-03-05 14:32:48	2025-03-22 00:21:27.423314	1
21	1	21	ダミー12	2025-03-05 14:32:48	2025-03-22 00:21:27.423314	1
22	1	22	ダミー13	2025-03-05 14:32:48	2025-03-22 00:21:27.423314	1
23	1	23	ダミー14	2025-03-05 14:32:48	2025-03-22 00:21:27.423314	1
24	1	24	ダミー15	2025-03-05 14:32:48	2025-03-22 00:21:27.423314	1
25	1	25	ダミー16	2025-03-05 14:32:48	2025-03-22 00:21:27.423314	1
26	1	26	ダミー17	2025-03-05 14:32:48	2025-03-22 00:21:27.423314	1
27	1	27	ダミー18	2025-03-05 14:32:48	2025-03-22 00:21:27.423314	1
28	1	28	ダミー19	2025-03-05 14:32:48	2025-03-22 00:21:27.423314	1
29	1	29	ダミー20	2025-03-05 14:32:48	2025-03-22 00:21:27.423314	1
30	2	1	2	2025-03-05 14:32:48	2025-03-22 00:21:27.423314	1
31	2	2	テーマA	2025-03-05 14:32:48	2025-03-22 00:21:27.423314	1
32	2	3	2023	2025-03-05 14:32:48	2025-03-22 00:21:27.423314	1
33	2	4	種別A	2025-03-05 14:32:48	2025-03-22 00:21:27.423314	1
34	2	5	B001	2025-03-05 14:32:48	2025-03-22 00:21:27.423314	1
37	2	8	部門A	2025-03-05 14:32:48	2025-03-22 00:21:27.423314	1
39	2	10	ダミー1	2025-03-05 14:32:48	2025-03-22 00:21:27.423314	1
40	2	11	ダミー2	2025-03-05 14:32:48	2025-03-22 00:21:27.423314	1
41	2	12	ダミー3	2025-03-05 14:32:48	2025-03-22 00:21:27.423314	1
42	2	13	ダミー4	2025-03-05 14:32:48	2025-03-22 00:21:27.423314	1
43	2	14	ダミー5	2025-03-05 14:32:48	2025-03-22 00:21:27.423314	1
44	2	15	ダミー6	2025-03-05 14:32:48	2025-03-22 00:21:27.423314	1
45	2	16	ダミー7	2025-03-05 14:32:48	2025-03-22 00:21:27.423314	1
46	2	17	ダミー8	2025-03-05 14:32:48	2025-03-22 00:21:27.423314	1
47	2	18	ダミー9	2025-03-05 14:32:48	2025-03-22 00:21:27.423314	1
48	2	19	ダミー10	2025-03-05 14:32:48	2025-03-22 00:21:27.423314	1
49	2	20	ダミー11	2025-03-05 14:32:48	2025-03-22 00:21:27.423314	1
50	2	21	ダミー12	2025-03-05 14:32:48	2025-03-22 00:21:27.423314	1
51	2	22	ダミー13	2025-03-05 14:32:48	2025-03-22 00:21:27.423314	1
52	2	23	ダミー14	2025-03-05 14:32:48	2025-03-22 00:21:27.423314	1
53	2	24	ダミー15	2025-03-05 14:32:48	2025-03-22 00:21:27.423314	1
864	6	32	種別B	2025-03-05 14:32:48	2025-03-22 00:21:27.423314	2
734	2	34	予算名B	2025-03-05 14:32:48	2025-03-22 00:21:27.423314	2
735	2	35	100000	2025-03-05 14:32:48	2025-03-22 00:21:27.423314	2
736	2	36	部門A	2025-03-05 14:32:48	2025-03-22 00:21:27.423314	2
737	2	37	部門B	2025-03-05 14:32:48	2025-03-22 00:21:27.423314	2
738	2	38	部門A	2025-03-05 14:32:48	2025-03-22 00:21:27.423314	2
739	2	39	担当者A	2025-03-05 14:32:48	2025-03-22 00:21:27.423314	2
740	2	40	2023-10-15	2025-03-05 14:32:48	2025-03-22 00:21:27.423314	2
741	2	41	担当者B	2025-03-05 14:32:48	2025-03-22 00:21:27.423314	2
742	2	42	2023-11-22	2025-03-05 14:32:48	2025-03-22 00:21:27.423314	2
743	2	43	ダミー1	2025-03-05 14:32:48	2025-03-22 00:21:27.423314	2
744	2	44	ダミー2	2025-03-05 14:32:48	2025-03-22 00:21:27.423314	2
745	2	45	ダミー3	2025-03-05 14:32:48	2025-03-22 00:21:27.423314	2
746	2	46	ダミー4	2025-03-05 14:32:48	2025-03-22 00:21:27.423314	2
747	2	47	ダミー5	2025-03-05 14:32:48	2025-03-22 00:21:27.423314	2
748	2	48	ダミー6	2025-03-05 14:32:48	2025-03-22 00:21:27.423314	2
749	2	49	ダミー7	2025-03-05 14:32:48	2025-03-22 00:21:27.423314	2
750	2	50	ダミー8	2025-03-05 14:32:48	2025-03-22 00:21:27.423314	2
751	2	51	ダミー9	2025-03-05 14:32:48	2025-03-22 00:21:27.423314	2
752	2	52	ダミー10	2025-03-05 14:32:48	2025-03-22 00:21:27.423314	2
753	2	53	ダミー11	2025-03-05 14:32:48	2025-03-22 00:21:27.423314	2
754	2	54	ダミー12	2025-03-05 14:32:48	2025-03-22 00:21:27.423314	2
755	2	55	ダミー13	2025-03-05 14:32:48	2025-03-22 00:21:27.423314	2
756	2	56	ダミー14	2025-03-05 14:32:48	2025-03-22 00:21:27.423314	2
757	2	57	ダミー15	2025-03-05 14:32:48	2025-03-22 00:21:27.423314	2
758	2	58	ダミー16	2025-03-05 14:32:48	2025-03-22 00:21:27.423314	2
759	2	59	ダミー17	2025-03-05 14:32:48	2025-03-22 00:21:27.423314	2
760	2	60	ダミー18	2025-03-05 14:32:48	2025-03-22 00:21:27.423314	2
761	2	61	ダミー19	2025-03-05 14:32:48	2025-03-22 00:21:27.423314	2
762	2	62	ダミー20	2025-03-05 14:32:48	2025-03-22 00:21:27.423314	2
763	3	30	3	2025-03-05 14:32:48	2025-03-22 00:21:27.423314	2
764	3	31	2023	2025-03-05 14:32:48	2025-03-22 00:21:27.423314	2
765	3	32	種別A	2025-03-05 14:32:48	2025-03-22 00:21:27.423314	2
766	3	33	B001	2025-03-05 14:32:48	2025-03-22 00:21:27.423314	2
767	3	34	予算名C	2025-03-05 14:32:48	2025-03-22 00:21:27.423314	2
768	3	35	100000	2025-03-05 14:32:48	2025-03-22 00:21:27.423314	2
769	3	36	部門A	2025-03-05 14:32:48	2025-03-22 00:21:27.423314	2
770	3	37	部門B	2025-03-05 14:32:48	2025-03-22 00:21:27.423314	2
771	3	38	部門A	2025-03-05 14:32:48	2025-03-22 00:21:27.423314	2
772	3	39	担当者A	2025-03-05 14:32:48	2025-03-22 00:21:27.423314	2
773	3	40	2023-10-15	2025-03-05 14:32:48	2025-03-22 00:21:27.423314	2
774	3	41	担当者B	2025-03-05 14:32:48	2025-03-22 00:21:27.423314	2
775	3	42	2023-11-22	2025-03-05 14:32:48	2025-03-22 00:21:27.423314	2
776	3	43	ダミー1	2025-03-05 14:32:48	2025-03-22 00:21:27.423314	2
777	3	44	ダミー2	2025-03-05 14:32:48	2025-03-22 00:21:27.423314	2
778	3	45	ダミー3	2025-03-05 14:32:48	2025-03-22 00:21:27.423314	2
779	3	46	ダミー4	2025-03-05 14:32:48	2025-03-22 00:21:27.423314	2
780	3	47	ダミー5	2025-03-05 14:32:48	2025-03-22 00:21:27.423314	2
781	3	48	ダミー6	2025-03-05 14:32:48	2025-03-22 00:21:27.423314	2
782	3	49	ダミー7	2025-03-05 14:32:48	2025-03-22 00:21:27.423314	2
783	3	50	ダミー8	2025-03-05 14:32:48	2025-03-22 00:21:27.423314	2
784	3	51	ダミー9	2025-03-05 14:32:48	2025-03-22 00:21:27.423314	2
785	3	52	ダミー10	2025-03-05 14:32:48	2025-03-22 00:21:27.423314	2
1427	23	34	予算名C	2025-03-05 14:32:48	2025-03-22 00:21:27.423314	2
1428	23	35	100000	2025-03-05 14:32:48	2025-03-22 00:21:27.423314	2
1429	23	36	部門A	2025-03-05 14:32:48	2025-03-22 00:21:27.423314	2
1430	23	37	部門B	2025-03-05 14:32:48	2025-03-22 00:21:27.423314	2
1431	23	38	部門A	2025-03-05 14:32:48	2025-03-22 00:21:27.423314	2
1432	23	39	担当者A	2025-03-05 14:32:48	2025-03-22 00:21:27.423314	2
1433	23	40	2023-10-15	2025-03-05 14:32:48	2025-03-22 00:21:27.423314	2
1434	23	41	担当者B	2025-03-05 14:32:48	2025-03-22 00:21:27.423314	2
1435	23	42	2023-11-22	2025-03-05 14:32:48	2025-03-22 00:21:27.423314	2
1436	23	43	ダミー1	2025-03-05 14:32:48	2025-03-22 00:21:27.423314	2
1437	23	44	ダミー2	2025-03-05 14:32:48	2025-03-22 00:21:27.423314	2
1438	23	45	ダミー3	2025-03-05 14:32:48	2025-03-22 00:21:27.423314	2
1439	23	46	ダミー4	2025-03-05 14:32:48	2025-03-22 00:21:27.423314	2
1440	23	47	ダミー5	2025-03-05 14:32:48	2025-03-22 00:21:27.423314	2
1441	23	48	ダミー6	2025-03-05 14:32:48	2025-03-22 00:21:27.423314	2
1442	23	49	ダミー7	2025-03-05 14:32:48	2025-03-22 00:21:27.423314	2
1443	23	50	ダミー8	2025-03-05 14:32:48	2025-03-22 00:21:27.423314	2
1444	23	51	ダミー9	2025-03-05 14:32:48	2025-03-22 00:21:27.423314	2
1445	23	52	ダミー10	2025-03-05 14:32:48	2025-03-22 00:21:27.423314	2
1446	23	53	ダミー11	2025-03-05 14:32:48	2025-03-22 00:21:27.423314	2
1447	23	54	ダミー12	2025-03-05 14:32:48	2025-03-22 00:21:27.423314	2
1448	23	55	ダミー13	2025-03-05 14:32:48	2025-03-22 00:21:27.423314	2
1449	23	56	ダミー14	2025-03-05 14:32:48	2025-03-22 00:21:27.423314	2
1450	23	57	ダミー15	2025-03-05 14:32:48	2025-03-22 00:21:27.423314	2
1451	23	58	ダミー16	2025-03-05 14:32:48	2025-03-22 00:21:27.423314	2
1452	23	59	ダミー17	2025-03-05 14:32:48	2025-03-22 00:21:27.423314	2
1453	23	60	ダミー18	2025-03-05 14:32:48	2025-03-22 00:21:27.423314	2
1454	23	61	ダミー19	2025-03-05 14:32:48	2025-03-22 00:21:27.423314	2
1455	23	62	ダミー20	2025-03-05 14:32:48	2025-03-22 00:21:27.423314	2
1457	24	31	2025	2025-03-05 14:32:48	2025-03-22 00:21:27.423314	2
1458	24	32	種別B	2025-03-05 14:32:48	2025-03-22 00:21:27.423314	2
1459	24	33	B006	2025-03-05 14:32:48	2025-03-22 00:21:27.423314	2
1460	24	34	予算名D	2025-03-05 14:32:48	2025-03-22 00:21:27.423314	2
1461	24	35	100000	2025-03-05 14:32:48	2025-03-22 00:21:27.423314	2
1462	24	36	部門A	2025-03-05 14:32:48	2025-03-22 00:21:27.423314	2
1463	24	37	部門B	2025-03-05 14:32:48	2025-03-22 00:21:27.423314	2
1464	24	38	部門A	2025-03-05 14:32:48	2025-03-22 00:21:27.423314	2
1465	24	39	担当者A	2025-03-05 14:32:48	2025-03-22 00:21:27.423314	2
1466	24	40	2023-10-15	2025-03-05 14:32:48	2025-03-22 00:21:27.423314	2
1467	24	41	担当者B	2025-03-05 14:32:48	2025-03-22 00:21:27.423314	2
1468	24	42	2023-11-22	2025-03-05 14:32:48	2025-03-22 00:21:27.423314	2
1469	24	43	ダミー1	2025-03-05 14:32:48	2025-03-22 00:21:27.423314	2
1470	24	44	ダミー2	2025-03-05 14:32:48	2025-03-22 00:21:27.423314	2
1471	24	45	ダミー3	2025-03-05 14:32:48	2025-03-22 00:21:27.423314	2
1472	24	46	ダミー4	2025-03-05 14:32:48	2025-03-22 00:21:27.423314	2
1473	24	47	ダミー5	2025-03-05 14:32:48	2025-03-22 00:21:27.423314	2
1474	24	48	ダミー6	2025-03-05 14:32:48	2025-03-22 00:21:27.423314	2
1475	24	49	ダミー7	2025-03-05 14:32:48	2025-03-22 00:21:27.423314	2
1476	24	50	ダミー8	2025-03-05 14:32:48	2025-03-22 00:21:27.423314	2
1477	24	51	ダミー9	2025-03-05 14:32:48	2025-03-22 00:21:27.423314	2
1478	24	52	ダミー10	2025-03-05 14:32:48	2025-03-22 00:21:27.423314	2
1480	24	54	ダミー12	2025-03-05 14:32:48	2025-03-22 00:21:27.423314	2
1481	24	55	ダミー13	2025-03-05 14:32:48	2025-03-22 00:21:27.423314	2
1482	24	56	ダミー14	2025-03-05 14:32:48	2025-03-22 00:21:27.423314	2
1483	24	57	ダミー15	2025-03-05 14:32:48	2025-03-22 00:21:27.423314	2
1484	24	58	ダミー16	2025-03-05 14:32:48	2025-03-22 00:21:27.423314	2
1485	24	59	ダミー17	2025-03-05 14:32:48	2025-03-22 00:21:27.423314	2
1486	24	60	ダミー18	2025-03-05 14:32:48	2025-03-22 00:21:27.423314	2
1487	24	61	ダミー19	2025-03-05 14:32:48	2025-03-22 00:21:27.423314	2
1488	24	62	ダミー20	2025-03-05 14:32:48	2025-03-22 00:21:27.423314	2
2446	23	96	ダミー12	2025-03-05 14:32:48	2025-03-22 00:21:27.423314	3
2447	23	97	ダミー13	2025-03-05 14:32:48	2025-03-22 00:21:27.423314	3
2448	23	98	ダミー14	2025-03-05 14:32:48	2025-03-22 00:21:27.423314	3
2449	23	99	ダミー15	2025-03-05 14:32:48	2025-03-22 00:21:27.423314	3
1841	9	79	ユーザー部門A	2025-03-05 14:32:48	2025-03-22 00:21:27.423314	3
1523	1	97	ダミー13	2025-03-05 14:32:48	2025-03-22 00:21:27.423314	3
1524	1	98	ダミー14	2025-03-05 14:32:48	2025-03-22 00:21:27.423314	3
1525	1	99	ダミー15	2025-03-05 14:32:48	2025-03-22 00:21:27.423314	3
1526	1	100	ダミー16	2025-03-05 14:32:48	2025-03-22 00:21:27.423314	3
1527	1	101	ダミー17	2025-03-05 14:32:48	2025-03-22 00:21:27.423314	3
1528	1	102	ダミー18	2025-03-05 14:32:48	2025-03-22 00:21:27.423314	3
1529	1	103	ダミー19	2025-03-05 14:32:48	2025-03-22 00:21:27.423314	3
1530	1	104	ダミー20	2025-03-05 14:32:48	2025-03-22 00:21:27.423314	3
1531	2	63	2	2025-03-05 14:32:48	2025-03-22 00:21:27.423314	3
1532	2	64	部門A	2025-03-05 14:32:48	2025-03-22 00:21:27.423314	3
1533	2	65	S002	2025-03-05 14:32:48	2025-03-22 00:21:27.423314	3
1534	2	66	システム標準名A	2025-03-05 14:32:48	2025-03-22 00:21:27.423314	3
1535	2	67	システム名A	2025-03-05 14:32:48	2025-03-22 00:21:27.423314	3
1536	2	68	host-002	2025-03-05 14:32:48	2025-03-22 00:21:27.423314	3
1537	2	69	OSv1.0	2025-03-05 14:32:48	2025-03-22 00:21:27.423314	3
1538	2	70	2023-01-01	2025-03-05 14:32:48	2025-03-22 00:21:27.423314	3
1539	2	71	2023-10-01	2025-03-05 14:32:48	2025-03-22 00:21:27.423314	3
1540	2	72	進行中	2025-03-05 14:32:48	2025-03-22 00:21:27.423314	3
1541	2	73	2026-03-31	2025-03-05 14:32:48	2025-03-22 00:21:27.423314	3
1542	2	74	運用移管済	2025-03-05 14:32:48	2025-03-22 00:21:27.423314	3
1543	2	75	2023-11-01	2025-03-05 14:32:48	2025-03-22 00:21:27.423314	3
1544	2	76	2024-01-01	2025-03-05 14:32:48	2025-03-22 00:21:27.423314	3
1545	2	77	バージョン2.0	2025-03-05 14:32:48	2025-03-22 00:21:27.423314	3
1546	2	78	推進中	2025-03-05 14:32:48	2025-03-22 00:21:27.423314	3
1547	2	79	ユーザー部門A	2025-03-05 14:32:48	2025-03-22 00:21:27.423314	3
1548	2	80	費用部門A	2025-03-05 14:32:48	2025-03-22 00:21:27.423314	3
1549	2	81	B001	2025-03-05 14:32:48	2025-03-22 00:21:27.423314	3
1550	2	82	予算名A	2025-03-05 14:32:48	2025-03-22 00:21:27.423314	3
1551	2	83	100000	2025-03-05 14:32:48	2025-03-22 00:21:27.423314	3
1552	2	84	部門B	2025-03-05 14:32:48	2025-03-22 00:21:27.423314	3
1553	2	85	ダミー1	2025-03-05 14:32:48	2025-03-22 00:21:27.423314	3
2311	20	87	ダミー3	2025-03-05 14:32:48	2025-03-22 00:21:27.423314	3
2312	20	88	ダミー4	2025-03-05 14:32:48	2025-03-22 00:21:27.423314	3
2313	20	89	ダミー5	2025-03-05 14:32:48	2025-03-22 00:21:27.423314	3
2314	20	90	ダミー6	2025-03-05 14:32:48	2025-03-22 00:21:27.423314	3
2315	20	91	ダミー7	2025-03-05 14:32:48	2025-03-22 00:21:27.423314	3
2316	20	92	ダミー8	2025-03-05 14:32:48	2025-03-22 00:21:27.423314	3
2317	20	93	ダミー9	2025-03-05 14:32:48	2025-03-22 00:21:27.423314	3
2318	20	94	ダミー10	2025-03-05 14:32:48	2025-03-22 00:21:27.423314	3
2319	20	95	ダミー11	2025-03-05 14:32:48	2025-03-22 00:21:27.423314	3
2320	20	96	ダミー12	2025-03-05 14:32:48	2025-03-22 00:21:27.423314	3
2321	20	97	ダミー13	2025-03-05 14:32:48	2025-03-22 00:21:27.423314	3
2322	20	98	ダミー14	2025-03-05 14:32:48	2025-03-22 00:21:27.423314	3
2323	20	99	ダミー15	2025-03-05 14:32:48	2025-03-22 00:21:27.423314	3
2324	20	100	ダミー16	2025-03-05 14:32:48	2025-03-22 00:21:27.423314	3
2325	20	101	ダミー17	2025-03-05 14:32:48	2025-03-22 00:21:27.423314	3
2326	20	102	ダミー18	2025-03-05 14:32:48	2025-03-22 00:21:27.423314	3
2327	20	103	ダミー19	2025-03-05 14:32:48	2025-03-22 00:21:27.423314	3
2328	20	104	ダミー20	2025-03-05 14:32:48	2025-03-22 00:21:27.423314	3
2329	21	63	21	2025-03-05 14:32:48	2025-03-22 00:21:27.423314	3
2330	21	64	部門A	2025-03-05 14:32:48	2025-03-22 00:21:27.423314	3
2331	21	65	S021	2025-03-05 14:32:48	2025-03-22 00:21:27.423314	3
2332	21	66	システム標準名F	2025-03-05 14:32:48	2025-03-22 00:21:27.423314	3
2333	21	67	システム名F	2025-03-05 14:32:48	2025-03-22 00:21:27.423314	3
2334	21	68	host-021	2025-03-05 14:32:48	2025-03-22 00:21:27.423314	3
2335	21	69	OSv1.0	2025-03-05 14:32:48	2025-03-22 00:21:27.423314	3
2336	21	70	2023-01-01	2025-03-05 14:32:48	2025-03-22 00:21:27.423314	3
2337	21	71	2023-10-01	2025-03-05 14:32:48	2025-03-22 00:21:27.423314	3
2338	21	72	進行中	2025-03-05 14:32:48	2025-03-22 00:21:27.423314	3
2339	21	73	2026-03-31	2025-03-05 14:32:48	2025-03-22 00:21:27.423314	3
2340	21	74	運用移管済	2025-03-05 14:32:48	2025-03-22 00:21:27.423314	3
2341	21	75	2023-11-01	2025-03-05 14:32:48	2025-03-22 00:21:27.423314	3
2342	21	76	2024-01-01	2025-03-05 14:32:48	2025-03-22 00:21:27.423314	3
2343	21	77	バージョン2.0	2025-03-05 14:32:48	2025-03-22 00:21:27.423314	3
2344	21	78	推進中	2025-03-05 14:32:48	2025-03-22 00:21:27.423314	3
2345	21	79	ユーザー部門A	2025-03-05 14:32:48	2025-03-22 00:21:27.423314	3
2346	21	80	費用部門A	2025-03-05 14:32:48	2025-03-22 00:21:27.423314	3
2347	21	81	B001	2025-03-05 14:32:48	2025-03-22 00:21:27.423314	3
2348	21	82	予算名A	2025-03-05 14:32:48	2025-03-22 00:21:27.423314	3
2349	21	83	100000	2025-03-05 14:32:48	2025-03-22 00:21:27.423314	3
2350	21	84	部門B	2025-03-05 14:32:48	2025-03-22 00:21:27.423314	3
2351	21	85	ダミー1	2025-03-05 14:32:48	2025-03-22 00:21:27.423314	3
2352	21	86	ダミー2	2025-03-05 14:32:48	2025-03-22 00:21:27.423314	3
2353	21	87	ダミー3	2025-03-05 14:32:48	2025-03-22 00:21:27.423314	3
2354	21	88	ダミー4	2025-03-05 14:32:48	2025-03-22 00:21:27.423314	3
2355	21	89	ダミー5	2025-03-05 14:32:48	2025-03-22 00:21:27.423314	3
2356	21	90	ダミー6	2025-03-05 14:32:48	2025-03-22 00:21:27.423314	3
2357	21	91	ダミー7	2025-03-05 14:32:48	2025-03-22 00:21:27.423314	3
2358	21	92	ダミー8	2025-03-05 14:32:48	2025-03-22 00:21:27.423314	3
2359	21	93	ダミー9	2025-03-05 14:32:48	2025-03-22 00:21:27.423314	3
2360	21	94	ダミー10	2025-03-05 14:32:48	2025-03-22 00:21:27.423314	3
2361	21	95	ダミー11	2025-03-05 14:32:48	2025-03-22 00:21:27.423314	3
2362	21	96	ダミー12	2025-03-05 14:32:48	2025-03-22 00:21:27.423314	3
2363	21	97	ダミー13	2025-03-05 14:32:48	2025-03-22 00:21:27.423314	3
2364	21	98	ダミー14	2025-03-05 14:32:48	2025-03-22 00:21:27.423314	3
2365	21	99	ダミー15	2025-03-05 14:32:48	2025-03-22 00:21:27.423314	3
2366	21	100	ダミー16	2025-03-05 14:32:48	2025-03-22 00:21:27.423314	3
2367	21	101	ダミー17	2025-03-05 14:32:48	2025-03-22 00:21:27.423314	3
2368	21	102	ダミー18	2025-03-05 14:32:48	2025-03-22 00:21:27.423314	3
2369	21	103	ダミー19	2025-03-05 14:32:48	2025-03-22 00:21:27.423314	3
2370	21	104	ダミー20	2025-03-05 14:32:48	2025-03-22 00:21:27.423314	3
2371	22	63	22	2025-03-05 14:32:48	2025-03-22 00:21:27.423314	3
2372	22	64	部門A	2025-03-05 14:32:48	2025-03-22 00:21:27.423314	3
2373	22	65	S022	2025-03-05 14:32:48	2025-03-22 00:21:27.423314	3
2374	22	66	システム標準名F	2025-03-05 14:32:48	2025-03-22 00:21:27.423314	3
2375	22	67	システム名F	2025-03-05 14:32:48	2025-03-22 00:21:27.423314	3
2376	22	68	host-022	2025-03-05 14:32:48	2025-03-22 00:21:27.423314	3
2377	22	69	OSv1.0	2025-03-05 14:32:48	2025-03-22 00:21:27.423314	3
2378	22	70	2023-01-01	2025-03-05 14:32:48	2025-03-22 00:21:27.423314	3
2379	22	71	2023-10-01	2025-03-05 14:32:48	2025-03-22 00:21:27.423314	3
2380	22	72	進行中	2025-03-05 14:32:48	2025-03-22 00:21:27.423314	3
2381	22	73	2026-03-31	2025-03-05 14:32:48	2025-03-22 00:21:27.423314	3
2382	22	74	運用移管済	2025-03-05 14:32:48	2025-03-22 00:21:27.423314	3
2383	22	75	2023-11-01	2025-03-05 14:32:48	2025-03-22 00:21:27.423314	3
2384	22	76	2024-01-01	2025-03-05 14:32:48	2025-03-22 00:21:27.423314	3
2385	22	77	バージョン2.0	2025-03-05 14:32:48	2025-03-22 00:21:27.423314	3
2386	22	78	推進中	2025-03-05 14:32:48	2025-03-22 00:21:27.423314	3
2387	22	79	ユーザー部門A	2025-03-05 14:32:48	2025-03-22 00:21:27.423314	3
2388	22	80	費用部門A	2025-03-05 14:32:48	2025-03-22 00:21:27.423314	3
2389	22	81	B001	2025-03-05 14:32:48	2025-03-22 00:21:27.423314	3
2390	22	82	予算名A	2025-03-05 14:32:48	2025-03-22 00:21:27.423314	3
2391	22	83	100000	2025-03-05 14:32:48	2025-03-22 00:21:27.423314	3
2392	22	84	部門B	2025-03-05 14:32:48	2025-03-22 00:21:27.423314	3
2393	22	85	ダミー1	2025-03-05 14:32:48	2025-03-22 00:21:27.423314	3
2394	22	86	ダミー2	2025-03-05 14:32:48	2025-03-22 00:21:27.423314	3
2395	22	87	ダミー3	2025-03-05 14:32:48	2025-03-22 00:21:27.423314	3
2396	22	88	ダミー4	2025-03-05 14:32:48	2025-03-22 00:21:27.423314	3
2397	22	89	ダミー5	2025-03-05 14:32:48	2025-03-22 00:21:27.423314	3
2398	22	90	ダミー6	2025-03-05 14:32:48	2025-03-22 00:21:27.423314	3
2399	22	91	ダミー7	2025-03-05 14:32:48	2025-03-22 00:21:27.423314	3
2400	22	92	ダミー8	2025-03-05 14:32:48	2025-03-22 00:21:27.423314	3
2401	22	93	ダミー9	2025-03-05 14:32:48	2025-03-22 00:21:27.423314	3
2402	22	94	ダミー10	2025-03-05 14:32:48	2025-03-22 00:21:27.423314	3
2403	22	95	ダミー11	2025-03-05 14:32:48	2025-03-22 00:21:27.423314	3
2404	22	96	ダミー12	2025-03-05 14:32:48	2025-03-22 00:21:27.423314	3
2405	22	97	ダミー13	2025-03-05 14:32:48	2025-03-22 00:21:27.423314	3
2406	22	98	ダミー14	2025-03-05 14:32:48	2025-03-22 00:21:27.423314	3
2407	22	99	ダミー15	2025-03-05 14:32:48	2025-03-22 00:21:27.423314	3
2408	22	100	ダミー16	2025-03-05 14:32:48	2025-03-22 00:21:27.423314	3
2409	22	101	ダミー17	2025-03-05 14:32:48	2025-03-22 00:21:27.423314	3
2410	22	102	ダミー18	2025-03-05 14:32:48	2025-03-22 00:21:27.423314	3
2411	22	103	ダミー19	2025-03-05 14:32:48	2025-03-22 00:21:27.423314	3
2412	22	104	ダミー20	2025-03-05 14:32:48	2025-03-22 00:21:27.423314	3
2413	23	63	23	2025-03-05 14:32:48	2025-03-22 00:21:27.423314	3
2414	23	64	部門A	2025-03-05 14:32:48	2025-03-22 00:21:27.423314	3
2415	23	65	S023	2025-03-05 14:32:48	2025-03-22 00:21:27.423314	3
2416	23	66	システム標準名F	2025-03-05 14:32:48	2025-03-22 00:21:27.423314	3
2417	23	67	システム名F	2025-03-05 14:32:48	2025-03-22 00:21:27.423314	3
2418	23	68	host-023	2025-03-05 14:32:48	2025-03-22 00:21:27.423314	3
2419	23	69	OSv1.0	2025-03-05 14:32:48	2025-03-22 00:21:27.423314	3
2420	23	70	2023-01-01	2025-03-05 14:32:48	2025-03-22 00:21:27.423314	3
2421	23	71	2023-10-01	2025-03-05 14:32:48	2025-03-22 00:21:27.423314	3
2422	23	72	進行中	2025-03-05 14:32:48	2025-03-22 00:21:27.423314	3
2423	23	73	2026-03-31	2025-03-05 14:32:48	2025-03-22 00:21:27.423314	3
2424	23	74	運用移管済	2025-03-05 14:32:48	2025-03-22 00:21:27.423314	3
2425	23	75	2023-11-01	2025-03-05 14:32:48	2025-03-22 00:21:27.423314	3
2426	23	76	2024-01-01	2025-03-05 14:32:48	2025-03-22 00:21:27.423314	3
2427	23	77	バージョン2.0	2025-03-05 14:32:48	2025-03-22 00:21:27.423314	3
2428	23	78	推進中	2025-03-05 14:32:48	2025-03-22 00:21:27.423314	3
2429	23	79	ユーザー部門A	2025-03-05 14:32:48	2025-03-22 00:21:27.423314	3
2430	23	80	費用部門A	2025-03-05 14:32:48	2025-03-22 00:21:27.423314	3
2431	23	81	B001	2025-03-05 14:32:48	2025-03-22 00:21:27.423314	3
2432	23	82	予算名A	2025-03-05 14:32:48	2025-03-22 00:21:27.423314	3
2433	23	83	100000	2025-03-05 14:32:48	2025-03-22 00:21:27.423314	3
2434	23	84	部門B	2025-03-05 14:32:48	2025-03-22 00:21:27.423314	3
2435	23	85	ダミー1	2025-03-05 14:32:48	2025-03-22 00:21:27.423314	3
2436	23	86	ダミー2	2025-03-05 14:32:48	2025-03-22 00:21:27.423314	3
2437	23	87	ダミー3	2025-03-05 14:32:48	2025-03-22 00:21:27.423314	3
2438	23	88	ダミー4	2025-03-05 14:32:48	2025-03-22 00:21:27.423314	3
2439	23	89	ダミー5	2025-03-05 14:32:48	2025-03-22 00:21:27.423314	3
2440	23	90	ダミー6	2025-03-05 14:32:48	2025-03-22 00:21:27.423314	3
2441	23	91	ダミー7	2025-03-05 14:32:48	2025-03-22 00:21:27.423314	3
2442	23	92	ダミー8	2025-03-05 14:32:48	2025-03-22 00:21:27.423314	3
2443	23	93	ダミー9	2025-03-05 14:32:48	2025-03-22 00:21:27.423314	3
2444	23	94	ダミー10	2025-03-05 14:32:48	2025-03-22 00:21:27.423314	3
2445	23	95	ダミー11	2025-03-05 14:32:48	2025-03-22 00:21:27.423314	3
2450	23	100	ダミー16	2025-03-05 14:32:48	2025-03-22 00:21:27.423314	3
2451	23	101	ダミー17	2025-03-05 14:32:48	2025-03-22 00:21:27.423314	3
2452	23	102	ダミー18	2025-03-05 14:32:48	2025-03-22 00:21:27.423314	3
2453	23	103	ダミー19	2025-03-05 14:32:48	2025-03-22 00:21:27.423314	3
2454	23	104	ダミー20	2025-03-05 14:32:48	2025-03-22 00:21:27.423314	3
2455	24	63	24	2025-03-05 14:32:48	2025-03-22 00:21:27.423314	3
2456	24	64	部門A	2025-03-05 14:32:48	2025-03-22 00:21:27.423314	3
2457	24	65	S024	2025-03-05 14:32:48	2025-03-22 00:21:27.423314	3
2458	24	66	システム標準名F	2025-03-05 14:32:48	2025-03-22 00:21:27.423314	3
2459	24	67	システム名F	2025-03-05 14:32:48	2025-03-22 00:21:27.423314	3
2460	24	68	host-024	2025-03-05 14:32:48	2025-03-22 00:21:27.423314	3
2461	24	69	OSv1.0	2025-03-05 14:32:48	2025-03-22 00:21:27.423314	3
2462	24	70	2023-01-01	2025-03-05 14:32:48	2025-03-22 00:21:27.423314	3
2463	24	71	2023-10-01	2025-03-05 14:32:48	2025-03-22 00:21:27.423314	3
2464	24	72	進行中	2025-03-05 14:32:48	2025-03-22 00:21:27.423314	3
2465	24	73	2026-03-31	2025-03-05 14:32:48	2025-03-22 00:21:27.423314	3
2466	24	74	運用移管済	2025-03-05 14:32:48	2025-03-22 00:21:27.423314	3
2467	24	75	2023-11-01	2025-03-05 14:32:48	2025-03-22 00:21:27.423314	3
2468	24	76	2024-01-01	2025-03-05 14:32:48	2025-03-22 00:21:27.423314	3
2469	24	77	バージョン2.0	2025-03-05 14:32:48	2025-03-22 00:21:27.423314	3
2470	24	78	推進中	2025-03-05 14:32:48	2025-03-22 00:21:27.423314	3
2471	24	79	ユーザー部門A	2025-03-05 14:32:48	2025-03-22 00:21:27.423314	3
2472	24	80	費用部門A	2025-03-05 14:32:48	2025-03-22 00:21:27.423314	3
2473	24	81	B001	2025-03-05 14:32:48	2025-03-22 00:21:27.423314	3
2010	13	80	費用部門A	2025-03-05 14:32:48	2025-03-22 00:21:27.423314	3
2011	13	81	B001	2025-03-05 14:32:48	2025-03-22 00:21:27.423314	3
2012	13	82	予算名A	2025-03-05 14:32:48	2025-03-22 00:21:27.423314	3
2013	13	83	100000	2025-03-05 14:32:48	2025-03-22 00:21:27.423314	3
2014	13	84	部門B	2025-03-05 14:32:48	2025-03-22 00:21:27.423314	3
2015	13	85	ダミー1	2025-03-05 14:32:48	2025-03-22 00:21:27.423314	3
2016	13	86	ダミー2	2025-03-05 14:32:48	2025-03-22 00:21:27.423314	3
2017	13	87	ダミー3	2025-03-05 14:32:48	2025-03-22 00:21:27.423314	3
2018	13	88	ダミー4	2025-03-05 14:32:48	2025-03-22 00:21:27.423314	3
2019	13	89	ダミー5	2025-03-05 14:32:48	2025-03-22 00:21:27.423314	3
2020	13	90	ダミー6	2025-03-05 14:32:48	2025-03-22 00:21:27.423314	3
2021	13	91	ダミー7	2025-03-05 14:32:48	2025-03-22 00:21:27.423314	3
2022	13	92	ダミー8	2025-03-05 14:32:48	2025-03-22 00:21:27.423314	3
2023	13	93	ダミー9	2025-03-05 14:32:48	2025-03-22 00:21:27.423314	3
2024	13	94	ダミー10	2025-03-05 14:32:48	2025-03-22 00:21:27.423314	3
2025	13	95	ダミー11	2025-03-05 14:32:48	2025-03-22 00:21:27.423314	3
2026	13	96	ダミー12	2025-03-05 14:32:48	2025-03-22 00:21:27.423314	3
2027	13	97	ダミー13	2025-03-05 14:32:48	2025-03-22 00:21:27.423314	3
2028	13	98	ダミー14	2025-03-05 14:32:48	2025-03-22 00:21:27.423314	3
2029	13	99	ダミー15	2025-03-05 14:32:48	2025-03-22 00:21:27.423314	3
2030	13	100	ダミー16	2025-03-05 14:32:48	2025-03-22 00:21:27.423314	3
2031	13	101	ダミー17	2025-03-05 14:32:48	2025-03-22 00:21:27.423314	3
2032	13	102	ダミー18	2025-03-05 14:32:48	2025-03-22 00:21:27.423314	3
2033	13	103	ダミー19	2025-03-05 14:32:48	2025-03-22 00:21:27.423314	3
2034	13	104	ダミー20	2025-03-05 14:32:48	2025-03-22 00:21:27.423314	3
2035	14	63	14	2025-03-05 14:32:48	2025-03-22 00:21:27.423314	3
2036	14	64	部門A	2025-03-05 14:32:48	2025-03-22 00:21:27.423314	3
2077	15	63	15	2025-03-05 14:32:48	2025-03-22 00:21:27.423314	3
181	7	7	100700	2025-03-05 14:32:48	2025-03-22 00:21:27.423314	1
35	2	6	予算名A	2025-03-05 14:32:48	2025-03-22 00:21:27.423314	1
36	2	7	100000	2025-03-05 14:32:48	2025-03-22 00:21:27.423314	1
38	2	9	部門B	2025-03-05 14:32:48	2025-03-22 00:21:27.423314	1
442	16	7	99999899999999	2025-03-05 14:32:48	2025-03-22 00:21:27.423314	1
905	7	40	2024-01-15	2025-03-05 14:32:48	2025-03-22 00:21:27.423314	2
2474	24	82	予算名A	2025-03-05 14:32:48	2025-03-22 00:21:27.423314	3
2475	24	83	100000	2025-03-05 14:32:48	2025-03-22 00:21:27.423314	3
2476	24	84	部門B	2025-03-05 14:32:48	2025-03-22 00:21:27.423314	3
2477	24	85	ダミー1	2025-03-05 14:32:48	2025-03-22 00:21:27.423314	3
2478	24	86	ダミー2	2025-03-05 14:32:48	2025-03-22 00:21:27.423314	3
2479	24	87	ダミー3	2025-03-05 14:32:48	2025-03-22 00:21:27.423314	3
2480	24	88	ダミー4	2025-03-05 14:32:48	2025-03-22 00:21:27.423314	3
2481	24	89	ダミー5	2025-03-05 14:32:48	2025-03-22 00:21:27.423314	3
2482	24	90	ダミー6	2025-03-05 14:32:48	2025-03-22 00:21:27.423314	3
2483	24	91	ダミー7	2025-03-05 14:32:48	2025-03-22 00:21:27.423314	3
2484	24	92	ダミー8	2025-03-05 14:32:48	2025-03-22 00:21:27.423314	3
2485	24	93	ダミー9	2025-03-05 14:32:48	2025-03-22 00:21:27.423314	3
2486	24	94	ダミー10	2025-03-05 14:32:48	2025-03-22 00:21:27.423314	3
2487	24	95	ダミー11	2025-03-05 14:32:48	2025-03-22 00:21:27.423314	3
2488	24	96	ダミー12	2025-03-05 14:32:48	2025-03-22 00:21:27.423314	3
2489	24	97	ダミー13	2025-03-05 14:32:48	2025-03-22 00:21:27.423314	3
2490	24	98	ダミー14	2025-03-05 14:32:48	2025-03-22 00:21:27.423314	3
2491	24	99	ダミー15	2025-03-05 14:32:48	2025-03-22 00:21:27.423314	3
2492	24	100	ダミー16	2025-03-05 14:32:48	2025-03-22 00:21:27.423314	3
2493	24	101	ダミー17	2025-03-05 14:32:48	2025-03-22 00:21:27.423314	3
2494	24	102	ダミー18	2025-03-05 14:32:48	2025-03-22 00:21:27.423314	3
2495	24	103	ダミー19	2025-03-05 14:32:48	2025-03-22 00:21:27.423314	3
2496	24	104	ダミー20	2025-03-05 14:32:48	2025-03-22 00:21:27.423314	3
1580	3	70	2023-01-18	2025-03-05 14:32:48	2025-03-22 00:21:27.423314	3
1874	10	70	2023-01-24	2025-03-05 14:32:48	2025-03-22 00:21:27.423314	3
\.


--
-- TOC entry 5009 (class 0 OID 44549)
-- Dependencies: 231
-- Data for Name: manuals; Type: TABLE DATA; Schema: web_ledger; Owner: mydbuser
--

COPY web_ledger.manuals (id, title, content, updated_by, updated_at) FROM stdin;
1	システム管理者向けマニュアル	はじめに：アプリケーション概要\nこのアプリは、最新のWeb台帳管理システムとして、業務データの入力、管理、分析を一元化するために設計されています。柔軟かつ拡張性に富んだモジュール構成により、従来の機能に加え、以下の特長を実現しています。\n\n1.1 システム概要と新機能のポイント\n• モジュール再構成\n  従来の設定ファイルは廃止し、すべて config.py に統一。機能が明確に分離され統合管理。\n• 新たな機能\n  バージョン情報画面、ユーザー管理画面、マニュアル画面、生成AI画面、ピボットテーブル画面の個別保持。\n  非同期タスク（Celery）、キャッシュ（Redis）などパフォーマンス管理機能強化。\n\n1.2 インストール・セットアップ\n• 環境設定：config.py で SECRET_KEY、DB接続情報、APIキー等を管理。\n• データベース設定：PostgreSQL。sql/ 内DDLを用いてマイグレーション。\n• 依存ライブラリ：requirements.txt からインストール。\n\n1.3 運用・監視\n• ログ管理：詳細ログ出力を定期監視。\n• 非同期タスク／キャッシュ：Flower や Redis モニタで状態確認。\n• アップデート：バージョン情報APIでシステム全体のバージョン管理。\n	admin	2025-03-22 01:49:49.053977
2	管理職向けマニュアル	はじめに：アプリケーション概要\nこのアプリは、最新のWeb台帳管理システムとして、業務データの入力、管理、分析を一元化します。直感的な管理画面で意思決定を支援します。\n\n2.1 システム概要と管理画面の利用\n• 主要管理画面：バージョン情報、ユーザー管理、マニュアル、生成AI\n• 各画面でシステム状態確認、ユーザー権限設定、オンラインマニュアル閲覧、AI支援利用が可能\n\n2.2 管理画面の利用方法\n• アクセス：トップページまたは管理者ダッシュボードから各URLへ\n• 機能：\n  - バージョン情報：最新バージョン・更新履歴確認\n  - ユーザー管理：追加・編集・削除、操作ログ記録\n  - マニュアル：オンラインで閲覧・更新\n  - 生成AI：チャット形式で業務支援、利用状況レポート収集\n\n2.3 業務改善と意思決定の支援\n• ダッシュボードとレポートで業績分析・プロセス改善\n• 定期的にレポート画面を確認し意思決定に活用\n	admin	2025-03-22 01:49:49.053977
3	一般従業員向けマニュアル	はじめに：アプリケーション概要\nこのアプリは、最新のWeb台帳管理システムとして、業務データの入力、管理、分析を一元化し、直感的なUIで誰でも簡単に操作可能です。\n\n3.1 アプリケーションの基本操作\n• トップページから台帳入力、レポート、チャット、ピボットテーブルへアクセス\n\n3.2 台帳入力とデータ管理\n• 台帳入力フォーム：動的生成フォームでリアルタイム検証\n• ピボットテーブル：データ集計・分析を表形式で表示\n\n3.3 レポートと生成AIの利用\n• レポートダッシュボード：グラフ形式で業務状況を可視化\n• 生成AIチャット：リアルタイム応答で疑問解決・改善提案\n\n3.4 利用上の注意事項\n• 正しい形式でデータ入力\n• 不明点・エラーは管理者へ連絡\n• 画面上のヘルプ情報を参照\n	admin	2025-03-22 01:49:49.053977
\.


--
-- TOC entry 5021 (class 0 OID 45027)
-- Dependencies: 243
-- Data for Name: master_field_definitions; Type: TABLE DATA; Schema: web_ledger; Owner: mydbuser
--

COPY web_ledger.master_field_definitions (id, master_id, field_name, data_type, max_length, display_order, is_required, input_constraints, created_at, tag) FROM stdin;
57	14	dummy15	text	200	165	f	\N	2025-03-23 18:51:09.079764	LEDGER002
58	14	dummy16	text	200	166	f	\N	2025-03-23 18:51:09.079764	LEDGER002
59	14	dummy17	text	200	167	f	\N	2025-03-23 18:51:09.079764	LEDGER002
60	14	dummy18	text	200	168	f	\N	2025-03-23 18:51:09.079764	LEDGER002
61	14	dummy19	text	200	169	f	\N	2025-03-23 18:51:09.079764	LEDGER002
62	14	dummy20	text	200	170	f	\N	2025-03-23 18:51:09.079764	LEDGER002
63	14	ID	number	200	101	f	\N	2025-03-23 18:51:09.079764	LEDGER003
64	14	管理部門	text	200	102	t	\N	2025-03-23 18:51:09.079764	LEDGER003
65	14	システムコード	text	200	103	t	\N	2025-03-23 18:51:09.079764	LEDGER003
66	14	システム標準名称	text	200	104	t	\N	2025-03-23 18:51:09.079764	LEDGER003
67	14	システム名	text	200	105	t	\N	2025-03-23 18:51:09.079764	LEDGER003
68	14	ホスト名	text	200	106	t	\N	2025-03-23 18:51:09.079764	LEDGER003
69	14	OSバージョン	text	200	107	t	\N	2025-03-23 18:51:09.079764	LEDGER003
70	14	稼働開始日	date	200	108	t	\N	2025-03-23 18:51:09.079764	LEDGER003
71	14	最終パッチ適用日	date	200	109	t	\N	2025-03-23 18:51:09.079764	LEDGER003
72	14	パッチ適用推進状況	text	200	110	t	\N	2025-03-23 18:51:09.079764	LEDGER003
73	14	稼働終了予定	date	200	111	t	\N	2025-03-23 18:51:09.079764	LEDGER003
74	14	移管状況	text	200	112	t	\N	2025-03-23 18:51:09.079764	LEDGER003
75	14	次回パッチ適用予定	date	200	113	t	\N	2025-03-23 18:51:09.079764	LEDGER003
76	14	次期サーバーリプレイス予定	date	200	114	t	\N	2025-03-23 18:51:09.079764	LEDGER003
77	14	次期サーバーバージョン	text	200	115	t	\N	2025-03-23 18:51:09.079764	LEDGER003
78	14	リプレイス推進状況	text	200	116	t	\N	2025-03-23 18:51:09.079764	LEDGER003
79	14	システム利用ユーザー部門	text	200	117	t	\N	2025-03-23 18:51:09.079764	LEDGER003
80	14	費用負担部門	text	200	118	t	\N	2025-03-23 18:51:09.079764	LEDGER003
81	14	予算コード	text	200	119	t	\N	2025-03-23 18:51:09.079764	LEDGER003
82	14	予算名称	text	200	120	t	\N	2025-03-23 18:51:09.079764	LEDGER003
83	14	予算額	number	200	121	t	\N	2025-03-23 18:51:09.079764	LEDGER003
84	14	振替部門	text	200	122	t	\N	2025-03-23 18:51:09.079764	LEDGER003
85	14	dummy1	text	200	151	f	\N	2025-03-23 18:51:09.079764	LEDGER003
86	14	dummy2	text	200	152	f	\N	2025-03-23 18:51:09.079764	LEDGER003
87	14	dummy3	text	200	153	f	\N	2025-03-23 18:51:09.079764	LEDGER003
88	14	dummy4	text	200	154	f	\N	2025-03-23 18:51:09.079764	LEDGER003
89	14	dummy5	text	200	155	f	\N	2025-03-23 18:51:09.079764	LEDGER003
90	14	dummy6	text	200	156	f	\N	2025-03-23 18:51:09.079764	LEDGER003
91	14	dummy7	text	200	157	f	\N	2025-03-23 18:51:09.079764	LEDGER003
92	14	dummy8	text	200	158	f	\N	2025-03-23 18:51:09.079764	LEDGER003
93	14	dummy9	text	200	159	f	\N	2025-03-23 18:51:09.079764	LEDGER003
94	14	dummy10	text	200	160	f	\N	2025-03-23 18:51:09.079764	LEDGER003
95	14	dummy11	text	200	161	f	\N	2025-03-23 18:51:09.079764	LEDGER003
96	14	dummy12	text	200	162	f	\N	2025-03-23 18:51:09.079764	LEDGER003
97	14	dummy13	text	200	163	f	\N	2025-03-23 18:51:09.079764	LEDGER003
98	14	dummy14	text	200	164	f	\N	2025-03-23 18:51:09.079764	LEDGER003
99	14	dummy15	text	200	165	f	\N	2025-03-23 18:51:09.079764	LEDGER003
100	14	dummy16	text	200	166	f	\N	2025-03-23 18:51:09.079764	LEDGER003
101	14	dummy17	text	200	167	f	\N	2025-03-23 18:51:09.079764	LEDGER003
102	14	dummy18	text	200	168	f	\N	2025-03-23 18:51:09.079764	LEDGER003
103	14	dummy19	text	200	169	f	\N	2025-03-23 18:51:09.079764	LEDGER003
104	14	dummy20	text	200	170	f	\N	2025-03-23 18:51:09.079764	LEDGER003
119	15	version	varchar	50	\N	f	\N	2025-03-22 02:19:37.795592	Common
120	15	owner_department	varchar	100	\N	f	\N	2025-03-22 02:19:37.795592	Common
1	14	ID	number	200	101	f	\N	2025-03-23 16:29:14.07934	LEDGER001
2	14	テーマ名	text	200	102	t	\N	2025-03-23 18:51:09.079764	LEDGER001
3	14	年度	number	200	103	t	\N	2025-03-23 18:51:09.079764	LEDGER001
4	14	予算種別	text	200	104	t	\N	2025-03-23 18:51:09.079764	LEDGER001
5	14	予算番号	text	200	105	t	\N	2025-03-23 18:51:09.079764	LEDGER001
6	14	予算名称	text	200	106	t	\N	2025-03-23 18:51:09.079764	LEDGER001
7	14	予算額	number	200	107	t	\N	2025-03-23 18:51:09.079764	LEDGER001
8	14	利用部門	text	200	108	t	\N	2025-03-23 18:51:09.079764	LEDGER001
9	14	振替部門	text	200	110	t	\N	2025-03-23 18:51:09.079764	LEDGER001
10	14	dummy1	text	200	151	f	\N	2025-03-23 18:51:09.079764	LEDGER001
11	14	dummy2	text	200	152	f	\N	2025-03-23 18:51:09.079764	LEDGER001
12	14	dummy3	text	200	153	f	\N	2025-03-23 18:51:09.079764	LEDGER001
13	14	dummy4	text	200	154	f	\N	2025-03-23 18:51:09.079764	LEDGER001
14	14	dummy5	text	200	155	f	\N	2025-03-23 18:51:09.079764	LEDGER001
15	14	dummy6	text	200	156	f	\N	2025-03-23 18:51:09.079764	LEDGER001
16	14	dummy7	text	200	157	f	\N	2025-03-23 18:51:09.079764	LEDGER001
17	14	dummy8	text	200	158	f	\N	2025-03-23 18:51:09.079764	LEDGER001
18	14	dummy9	text	200	159	f	\N	2025-03-23 18:51:09.079764	LEDGER001
19	14	dummy10	text	200	160	f	\N	2025-03-23 18:51:09.079764	LEDGER001
20	14	dummy11	text	200	161	f	\N	2025-03-23 18:51:09.079764	LEDGER001
21	14	dummy12	text	200	162	f	\N	2025-03-23 18:51:09.079764	LEDGER001
22	14	dummy13	text	200	163	f	\N	2025-03-23 18:51:09.079764	LEDGER001
23	14	dummy14	text	200	164	f	\N	2025-03-23 18:51:09.079764	LEDGER001
24	14	dummy15	text	200	165	f	\N	2025-03-23 18:51:09.079764	LEDGER001
25	14	dummy16	text	200	166	f	\N	2025-03-23 18:51:09.079764	LEDGER001
26	14	dummy17	text	200	167	f	\N	2025-03-23 18:51:09.079764	LEDGER001
27	14	dummy18	text	200	168	f	\N	2025-03-23 18:51:09.079764	LEDGER001
28	14	dummy19	text	200	169	f	\N	2025-03-23 18:51:09.079764	LEDGER001
29	14	dummy20	text	200	170	f	\N	2025-03-23 18:51:09.079764	LEDGER001
30	14	ID	number	200	101	f	\N	2025-03-23 18:51:09.079764	LEDGER002
31	14	年度	text	200	102	t	\N	2025-03-23 18:51:09.079764	LEDGER002
32	14	予算種別	number	200	103	t	\N	2025-03-23 18:51:09.079764	LEDGER002
33	14	予算番号	text	200	104	t	\N	2025-03-23 18:51:09.079764	LEDGER002
34	14	予算名称	text	200	105	t	\N	2025-03-23 18:51:09.079764	LEDGER002
35	14	予算額	number	200	106	t	\N	2025-03-23 18:51:09.079764	LEDGER002
36	14	利用部門	text	200	107	t	\N	2025-03-23 18:51:09.079764	LEDGER002
37	14	振替部門	text	200	108	t	\N	2025-03-23 18:51:09.079764	LEDGER002
38	14	発注部門	text	200	109	t	\N	2025-03-23 18:51:09.079764	LEDGER002
39	14	発注担当者	text	200	110	t	\N	2025-03-23 18:51:09.079764	LEDGER002
40	14	発注日	date	200	111	t	\N	2025-03-23 18:51:09.079764	LEDGER002
41	14	検収担当者	text	200	112	t	\N	2025-03-23 18:51:09.079764	LEDGER002
42	14	検収完了日	date	200	113	t	\N	2025-03-23 18:51:09.079764	LEDGER002
43	14	dummy1	text	200	151	f	\N	2025-03-23 18:51:09.079764	LEDGER002
44	14	dummy2	text	200	152	f	\N	2025-03-23 18:51:09.079764	LEDGER002
45	14	dummy3	text	200	153	f	\N	2025-03-23 18:51:09.079764	LEDGER002
46	14	dummy4	text	200	154	f	\N	2025-03-23 18:51:09.079764	LEDGER002
47	14	dummy5	text	200	155	f	\N	2025-03-23 18:51:09.079764	LEDGER002
48	14	dummy6	text	200	156	f	\N	2025-03-23 18:51:09.079764	LEDGER002
49	14	dummy7	text	200	157	f	\N	2025-03-23 18:51:09.079764	LEDGER002
50	14	dummy8	text	200	158	f	\N	2025-03-23 18:51:09.079764	LEDGER002
51	14	dummy9	text	200	159	f	\N	2025-03-23 18:51:09.079764	LEDGER002
52	14	dummy10	text	200	160	f	\N	2025-03-23 18:51:09.079764	LEDGER002
53	14	dummy11	text	200	161	f	\N	2025-03-23 18:51:09.079764	LEDGER002
54	14	dummy12	text	200	162	f	\N	2025-03-23 18:51:09.079764	LEDGER002
55	14	dummy13	text	200	163	f	\N	2025-03-23 18:51:09.079764	LEDGER002
56	14	dummy14	text	200	164	f	\N	2025-03-23 18:51:09.079764	LEDGER002
105	4	version	varchar	50	\N	f	\N	2025-03-22 02:19:37.795592	Common
106	5	version	varchar	50	\N	f	\N	2025-03-22 02:19:37.795592	Common
107	7	vendor	varchar	100	\N	t	\N	2025-03-22 02:19:37.795592	Common
108	7	version	varchar	50	\N	t	\N	2025-03-22 02:19:37.795592	Common
109	8	start_date	date	\N	\N	t	YYYY-MM-DD	2025-03-22 02:19:37.795592	Common
110	8	end_date	date	\N	\N	t	YYYY-MM-DD	2025-03-22 02:19:37.795592	Common
111	9	start_month	integer	\N	\N	t	\N	2025-03-22 02:19:37.795592	Common
112	9	end_month	integer	\N	\N	t	\N	2025-03-22 02:19:37.795592	Common
113	10	month_number	integer	\N	\N	t	\N	2025-03-22 02:19:37.795592	Common
114	11	effective_from	date	\N	\N	t	YYYY-MM-DD	2025-03-22 02:19:37.795592	Common
115	11	effective_to	date	\N	\N	t	YYYY-MM-DD	2025-03-22 02:19:37.795592	Common
116	12	email	varchar	100	\N	t	\N	2025-03-22 02:19:37.795592	Common
117	12	phone	varchar	20	\N	t	\N	2025-03-22 02:19:37.795592	Common
118	13	parent_code	varchar	50	\N	f	\N	2025-03-22 02:19:37.795592	Common
\.


--
-- TOC entry 5017 (class 0 OID 44927)
-- Dependencies: 239
-- Data for Name: master_types; Type: TABLE DATA; Schema: web_ledger; Owner: mydbuser
--

COPY web_ledger.master_types (id, master_type, description, created_at, display_order) FROM stdin;
11	Thema	事業戦略やプロジェクト施策の管理	2025-03-22 02:08:57.570342	9
12	Person	各部門の責任者や担当者情報の管理	2025-03-22 02:08:57.570342	11
15	System	社内利用システム管理	2025-03-22 02:08:57.570342	12
16	HOST/OPEN	システム構築形態HOST/OPEN/etc	2025-03-29 00:23:17.983579	13
4	PLATFORM	システムの搭載先基盤管理	2025-03-22 02:08:57.570342	2
5	SYSTEM_PLATFORM	システムの搭載先統合環境管理	2025-03-22 02:08:57.570342	3
6	OS	サーバーのオペレーティングシステム管理	2025-03-22 02:08:57.570342	4
7	Middleware	ミドルウェア管理	2025-03-22 02:08:57.570342	5
8	AccountingYear	年度および四半期の会計期間管理	2025-03-22 02:08:57.570342	6
9	Quarter	各四半期の管理	2025-03-22 02:08:57.570342	7
10	Month	月の管理	2025-03-22 02:08:57.570342	8
13	Organization	企業内の組織構造管理	2025-03-22 02:08:57.570342	10
14	Ledger	台帳定義管理	2025-03-22 02:08:57.570342	1
\.


--
-- TOC entry 4999 (class 0 OID 44476)
-- Dependencies: 221
-- Data for Name: role_master; Type: TABLE DATA; Schema: web_ledger; Owner: mydbuser
--

COPY web_ledger.role_master (id, role_name) FROM stdin;
1	Admin
2	Manager
3	General User
\.


--
-- TOC entry 5019 (class 0 OID 44957)
-- Dependencies: 241
-- Data for Name: unified_master_records; Type: TABLE DATA; Schema: web_ledger; Owner: mydbuser
--

COPY web_ledger.unified_master_records (id, master_id, record_data, created_at, updated_at) FROM stdin;
1	4	{"code": "PHYS_PLATFORM", "name": "物理システム基盤", "vendor": "Various", "version": "N/A", "description": "オンプレミスの物理サーバ基盤"}	2025-03-22 02:51:30.670783	2025-03-22 02:51:30.670783
2	4	{"code": "AWS", "name": "Amazon Web Services", "vendor": "Amazon", "version": "最新", "description": "クラウドプラットフォームサービス"}	2025-03-22 02:52:00.815965	2025-03-22 02:52:00.815965
3	4	{"code": "AZURE", "name": "Microsoft Azure", "vendor": "Microsoft", "version": "最新", "description": "クラウドプラットフォームサービス"}	2025-03-22 02:52:00.815965	2025-03-22 02:52:00.815965
4	4	{"code": "GCP", "name": "Google Cloud Platform", "vendor": "Google", "version": "最新", "description": "クラウドプラットフォームサービス"}	2025-03-22 02:52:00.815965	2025-03-22 02:52:00.815965
5	4	{"code": "WATOSON", "name": "Watoson Cloud Platform", "vendor": "Watoson", "version": "最新", "description": "クラウドプラットフォームサービス（Watoson）"}	2025-03-22 02:52:00.815965	2025-03-22 02:52:00.815965
6	4	{"code": "VMWARE_ESXi55", "name": "VMware ESXi 5.5", "vendor": "VMware", "version": "5.5", "description": "旧バージョンのVMwareハイパーバイザ"}	2025-03-22 02:52:00.815965	2025-03-22 02:52:00.815965
7	4	{"code": "VMWARE_ESXi60", "name": "VMware ESXi 6.0", "vendor": "VMware", "version": "6.0", "description": "旧バージョンのVMwareハイパーバイザ"}	2025-03-22 02:52:00.815965	2025-03-22 02:52:00.815965
8	4	{"code": "VMWARE_ESXi65", "name": "VMware ESXi 6.5", "vendor": "VMware", "version": "6.5", "description": "旧バージョンのVMwareハイパーバイザ"}	2025-03-22 02:52:00.815965	2025-03-22 02:52:00.815965
9	4	{"code": "VMWARE_ESXi67", "name": "VMware ESXi 6.7", "vendor": "VMware", "version": "6.7", "description": "旧バージョンのVMwareハイパーバイザ"}	2025-03-22 02:52:00.815965	2025-03-22 02:52:00.815965
10	4	{"code": "VMWARE_ESXi70", "name": "VMware ESXi 7.0", "vendor": "VMware", "version": "7.0", "description": "現行運用バージョンのVMwareハイパーバイザ"}	2025-03-22 02:52:00.815965	2025-03-22 02:52:00.815965
11	4	{"code": "VMWARE_ESXi80", "name": "VMware ESXi 8.0", "vendor": "VMware", "version": "8.0", "description": "最新バージョンのVMwareハイパーバイザ"}	2025-03-22 02:52:00.815965	2025-03-22 02:52:00.815965
12	4	{"code": "ON_PREMISE_VIRTUAL", "name": "オンプレミス独自仮想環境", "vendor": "Various", "version": "N/A", "description": "物理サーバ上に構築された独自仮想環境"}	2025-03-22 02:52:00.815965	2025-03-22 02:52:00.815965
13	4	{"code": "RH_OPENSHIFT311", "name": "Red Hat OpenShift 3.11", "vendor": "Red Hat", "version": "3.11", "description": "旧バージョンのRed Hat OpenShift Container Platform"}	2025-03-22 02:52:00.815965	2025-03-22 02:52:00.815965
14	4	{"code": "RH_OPENSHIFT412", "name": "Red Hat OpenShift Container Platform 4.12", "vendor": "Red Hat", "version": "4.12", "description": "最新バージョンのRed Hat OpenShift Container Platform"}	2025-03-22 02:52:00.815965	2025-03-22 02:52:00.815965
15	4	{"code": "ON_PREMISE_PHYSICAL", "name": "オンプレミス独自物理環境", "vendor": "Various", "version": "N/A", "description": "独自物理サーバ環境"}	2025-03-22 02:52:00.815965	2025-03-22 02:52:00.815965
16	5	{"code": "G3", "name": "G3環境", "vendor": "-", "version": "G3", "description": "G3統合環境"}	2025-03-22 02:52:00.815965	2025-03-22 02:52:00.815965
17	5	{"code": "G4", "name": "G4環境", "vendor": "-", "version": "G4", "description": "G4統合環境"}	2025-03-22 02:52:00.815965	2025-03-22 02:52:00.815965
18	5	{"code": "G5", "name": "G5環境", "vendor": "-", "version": "G5", "description": "G5統合環境"}	2025-03-22 02:52:00.815965	2025-03-22 02:52:00.815965
19	5	{"code": "Eta", "name": "Eta環境", "vendor": "-", "version": "Eta", "description": "Eta統合環境"}	2025-03-22 02:52:00.815965	2025-03-22 02:52:00.815965
20	6	{"code": "WS2008S", "name": "Windows Server 2008 Standard", "version": "2008", "description": "Microsoft Windows Server 2008 Standard"}	2025-03-22 02:52:00.815965	2025-03-22 02:52:00.815965
21	6	{"code": "WS2008D", "name": "Windows Server 2008 Datacenter", "version": "2008", "description": "Microsoft Windows Server 2008 Datacenter"}	2025-03-22 02:52:00.815965	2025-03-22 02:52:00.815965
22	6	{"code": "WS2008R2S", "name": "Windows Server 2008R2", "version": "2008R2", "description": "Microsoft Windows Server 2008 R2 Standard"}	2025-03-22 02:52:00.815965	2025-03-22 02:52:00.815965
23	6	{"code": "WS2008R2D", "name": "Windows Server 2008R2", "version": "2008R2", "description": "Microsoft Windows Server 2008 R2 Datacenter"}	2025-03-22 02:52:00.815965	2025-03-22 02:52:00.815965
24	6	{"code": "WS2012S", "name": "Windows Server 2012", "version": "2012", "description": "Microsoft Windows Server 2012 Standard"}	2025-03-22 02:52:00.815965	2025-03-22 02:52:00.815965
25	6	{"code": "WS2012D", "name": "Windows Server 2012", "version": "2012", "description": "Microsoft Windows Server 2012 Datacenter"}	2025-03-22 02:52:00.815965	2025-03-22 02:52:00.815965
26	6	{"code": "WS2012R2S", "name": "Windows Server 2012R2", "version": "2012R2", "description": "Microsoft Windows Server 2012 R2 Standard"}	2025-03-22 02:52:00.815965	2025-03-22 02:52:00.815965
27	6	{"code": "WS2012R2D", "name": "Windows Server 2012R2", "version": "2012R2", "description": "Microsoft Windows Server 2012 R2 Datacenter"}	2025-03-22 02:52:00.815965	2025-03-22 02:52:00.815965
28	6	{"code": "WS2016S", "name": "Windows Server 2016", "version": "2016", "description": "Microsoft Windows Server 2016 Standard"}	2025-03-22 02:52:00.815965	2025-03-22 02:52:00.815965
29	6	{"code": "WS2016D", "name": "Windows Server 2016", "version": "2016", "description": "Microsoft Windows Server 2016 Datacenter"}	2025-03-22 02:52:00.815965	2025-03-22 02:52:00.815965
30	6	{"code": "WS2019S", "name": "Windows Server 2019", "version": "2019", "description": "Microsoft Windows Server 2019 Standard"}	2025-03-22 02:52:00.815965	2025-03-22 02:52:00.815965
31	6	{"code": "WS2019D", "name": "Windows Server 2019", "version": "2019", "description": "Microsoft Windows Server 2019 Datacenter"}	2025-03-22 02:52:00.815965	2025-03-22 02:52:00.815965
32	6	{"code": "WS2022S", "name": "Windows Server 2022", "version": "2022", "description": "Microsoft Windows Server 2022 Standard"}	2025-03-22 02:52:00.815965	2025-03-22 02:52:00.815965
33	6	{"code": "WS2022D", "name": "Windows Server 2022", "version": "2022", "description": "Microsoft Windows Server 2022 Datacenter"}	2025-03-22 02:52:00.815965	2025-03-22 02:52:00.815965
34	6	{"code": "UB18LTS", "name": "Ubuntu 18.04 LTS", "version": "18.04", "description": "Ubuntu Linux 18.04 LTS"}	2025-03-22 02:52:00.815965	2025-03-22 02:52:00.815965
35	6	{"code": "UB20LTS", "name": "Ubuntu 20.04 LTS", "version": "20.04", "description": "Ubuntu Linux Long Term Support Release 20.04"}	2025-03-22 02:52:00.815965	2025-03-22 02:52:00.815965
36	6	{"code": "RHEL6", "name": "Red Hat Enterprise Linux 6", "version": "6", "description": "RHEL 6 Enterprise Edition"}	2025-03-22 02:52:00.815965	2025-03-22 02:52:00.815965
37	6	{"code": "RHEL7", "name": "Red Hat Enterprise Linux 7", "version": "7", "description": "RHEL 7 Enterprise Edition"}	2025-03-22 02:52:00.815965	2025-03-22 02:52:00.815965
38	6	{"code": "RHEL8", "name": "Red Hat Enterprise Linux 8", "version": "8", "description": "RHEL 8 Enterprise Edition"}	2025-03-22 02:52:00.815965	2025-03-22 02:52:00.815965
39	6	{"code": "RHEL8", "name": "Red Hat Enterprise Linux 9", "version": "9", "description": "RHEL 9 Enterprise Edition"}	2025-03-22 02:52:00.815965	2025-03-22 02:52:00.815965
40	6	{"code": "ZOS24", "name": "z/OS 2.4", "version": "2.4", "description": "IBM z/OS Version 2.4"}	2025-03-22 02:52:00.815965	2025-03-22 02:52:00.815965
41	6	{"code": "ZOS25", "name": "z/OS 2.5", "version": "2.5", "description": "IBM z/OS Version 2.5"}	2025-03-22 02:52:00.815965	2025-03-22 02:52:00.815965
42	6	{"code": "AS400_OS_V4R4", "name": "OS/400 V4R4", "vendor": "IBM", "version": "V4R4", "description": "初期のAS/400オペレーティングシステム"}	2025-03-22 02:52:00.815965	2025-03-22 02:52:00.815965
43	6	{"code": "AS400_OS_V5R1", "name": "OS/400 V5R1", "vendor": "IBM", "version": "V5R1", "description": "主要なAS/400 OS/400シリーズバージョン"}	2025-03-22 02:52:00.815965	2025-03-22 02:52:00.815965
44	6	{"code": "AS400_OS_V5R3", "name": "OS/400 V5R3", "vendor": "IBM", "version": "V5R3", "description": "アップデート版のAS/400 OS/400シリーズ"}	2025-03-22 02:52:00.815965	2025-03-22 02:52:00.815965
45	6	{"code": "AS400_OS_V6R1", "name": "OS/400 V6R1", "vendor": "IBM", "version": "V6R1", "description": "AS/400 OS/400シリーズの進化版"}	2025-03-22 02:52:00.815965	2025-03-22 02:52:00.815965
46	6	{"code": "IBM_i_7_1", "name": "IBM i 7.1", "vendor": "IBM", "version": "7.1", "description": "IBM iオペレーティングシステム（旧OS/400）の初期バージョン"}	2025-03-22 02:52:00.815965	2025-03-22 02:52:00.815965
47	6	{"code": "IBM_i_7_2", "name": "IBM i 7.2", "vendor": "IBM", "version": "7.2", "description": "IBM iオペレーティングシステムのバージョン"}	2025-03-22 02:52:00.815965	2025-03-22 02:52:00.815965
48	6	{"code": "IBM_i_7_3", "name": "IBM i 7.3", "vendor": "IBM", "version": "7.3", "description": "IBM iオペレーティングシステムのアップデートバージョン"}	2025-03-22 02:52:00.815965	2025-03-22 02:52:00.815965
49	6	{"code": "IBM_i_7_4", "name": "IBM i 7.4", "vendor": "IBM", "version": "7.4", "description": "最新バージョンのIBM iオペレーティングシステム"}	2025-03-22 02:52:00.815965	2025-03-22 02:52:00.815965
50	7	{"code": "WEBSPHERE855", "name": "IBM WebSphere Application Server 8.5.5", "vendor": "IBM", "version": "8.5.5", "description": "旧バージョンのエンタープライズ向けアプリケーションサーバ"}	2025-03-22 02:52:00.815965	2025-03-22 02:52:00.815965
51	7	{"code": "WEBSPHERE905", "name": "IBM WebSphere Application Server 9.0.5", "vendor": "IBM", "version": "9.0.5", "description": "エンタープライズ向けアプリケーションサーバ"}	2025-03-22 02:52:00.815965	2025-03-22 02:52:00.815965
52	7	{"code": "TOMCAT8", "name": "Apache Tomcat 8.5.70", "vendor": "Apache", "version": "8.5.70", "description": "旧バージョンのJavaサーブレットコンテナ"}	2025-03-22 02:52:00.815965	2025-03-22 02:52:00.815965
53	7	{"code": "TOMCAT9", "name": "Apache Tomcat 9.0.65", "vendor": "Apache", "version": "9.0.65", "description": "Javaサーブレットコンテナ"}	2025-03-22 02:52:00.815965	2025-03-22 02:52:00.815965
54	7	{"code": "NGINX1180", "name": "Nginx 1.18.0", "vendor": "NGINX Inc.", "version": "1.18.0", "description": "旧バージョンの高性能HTTPサーバ"}	2025-03-22 02:52:00.815965	2025-03-22 02:52:00.815965
55	7	{"code": "NGINX1201", "name": "Nginx 1.20.1", "vendor": "NGINX Inc.", "version": "1.20.1", "description": "高性能HTTPサーバ"}	2025-03-22 02:52:00.815965	2025-03-22 02:52:00.815965
56	7	{"code": "IIS85", "name": "Microsoft IIS 8.5", "vendor": "Microsoft", "version": "8.5", "description": "旧バージョンのWindows向けWebサーバ"}	2025-03-22 02:52:00.815965	2025-03-22 02:52:00.815965
57	7	{"code": "IIS10", "name": "Microsoft IIS 10.0", "vendor": "Microsoft", "version": "10.0", "description": "Windows向けWebサーバ"}	2025-03-22 02:52:00.815965	2025-03-22 02:52:00.815965
58	7	{"code": "WAS_LIBERTY20011", "name": "IBM WebSphere Liberty 20.0.0.11", "vendor": "IBM", "version": "20.0.0.11", "description": "旧バージョンのWAS Liberty"}	2025-03-22 02:52:00.815965	2025-03-22 02:52:00.815965
59	7	{"code": "WAS_LIBERTY21012", "name": "IBM WebSphere Liberty 21.0.0.12", "vendor": "IBM", "version": "21.0.0.12", "description": "中間バージョンのWAS Liberty"}	2025-03-22 02:52:00.815965	2025-03-22 02:52:00.815965
60	7	{"code": "WAS_LIBERTY22006", "name": "IBM WebSphere Liberty 22.0.0.6", "vendor": "IBM", "version": "22.0.0.6", "description": "最新バージョンのWAS Liberty"}	2025-03-22 02:52:00.815965	2025-03-22 02:52:00.815965
61	7	{"code": "ORADB12C", "name": "Oracle Database 12c", "vendor": "Oracle", "version": "12c", "description": "旧バージョンのエンタープライズ向けデータベース"}	2025-03-22 02:52:00.815965	2025-03-22 02:52:00.815965
62	7	{"code": "ORADB19C", "name": "Oracle Database 19c", "vendor": "Oracle", "version": "19c", "description": "エンタープライズ向けデータベース"}	2025-03-22 02:52:00.815965	2025-03-22 02:52:00.815965
63	7	{"code": "DB2_ZOS12", "name": "IBM DB2 for z/OS 12", "vendor": "IBM", "version": "12", "description": "最新バージョンのDB2 for z/OS"}	2025-03-22 02:52:00.815965	2025-03-22 02:52:00.815965
64	7	{"code": "DB2_FOR_I74", "name": "IBM DB2 for i 7.4", "vendor": "IBM", "version": "7.4", "description": "IBM i（AS/400）向け統合データベース。旧称 DB2/400"}	2025-03-22 02:52:00.815965	2025-03-22 02:52:00.815965
65	7	{"code": "HTTPD2441", "name": "Apache Httpd 2.4.41", "vendor": "Apache", "version": "2.4.41", "description": "旧バージョンの高性能Webサーバ"}	2025-03-22 02:52:00.815965	2025-03-22 02:52:00.815965
66	7	{"code": "HTTPD2457", "name": "Apache Httpd 2.4.57", "vendor": "Apache", "version": "2.4.57", "description": "高性能Webサーバ"}	2025-03-22 02:52:00.815965	2025-03-22 02:52:00.815965
67	7	{"code": "ORAFMW11G", "name": "Oracle Fusion Middleware 11g", "vendor": "Oracle", "version": "11.1.1.7.0", "description": "旧バージョンの統合ミドルウェア"}	2025-03-22 02:52:00.815965	2025-03-22 02:52:00.815965
68	7	{"code": "ORAFMW12C", "name": "Oracle Fusion Middleware 12c", "vendor": "Oracle", "version": "12.2.1.4.0", "description": "エンタープライズ向け統合ミドルウェア"}	2025-03-22 02:52:00.815965	2025-03-22 02:52:00.815965
69	7	{"code": "ACTIVEMQ2163", "name": "Apache ActiveMQ Artemis 2.16.3", "vendor": "Apache", "version": "2.16.3", "description": "旧バージョンのオープンソースのメッセージブローカー"}	2025-03-22 02:52:00.815965	2025-03-22 02:52:00.815965
70	7	{"code": "ACTIVEMQ2190", "name": "Apache ActiveMQ Artemis 2.19.0", "vendor": "Apache", "version": "2.19.0", "description": "オープンソースのメッセージブローカー"}	2025-03-22 02:52:00.815965	2025-03-22 02:52:00.815965
71	7	{"code": "WEBLOGIC12214", "name": "Oracle WebLogic Server 12.2.1.4.0", "vendor": "Oracle", "version": "12.2.1.4.0", "description": "旧バージョンのエンタープライズ向けアプリケーションサーバ"}	2025-03-22 02:52:00.815965	2025-03-22 02:52:00.815965
72	7	{"code": "WEBLOGIC14110", "name": "Oracle WebLogic Server 14.1.1.0", "vendor": "Oracle", "version": "14.1.1.0", "description": "エンタープライズ向けアプリケーションサーバ"}	2025-03-22 02:52:00.815965	2025-03-22 02:52:00.815965
73	7	{"code": "JBOSSEAP73", "name": "Red Hat JBoss EAP 7.3", "vendor": "Red Hat", "version": "7.3", "description": "旧バージョンのエンタープライズ向けアプリケーションサーバ"}	2025-03-22 02:52:00.815965	2025-03-22 02:52:00.815965
74	7	{"code": "JBOSSEAP74", "name": "Red Hat JBoss EAP 7.4", "vendor": "Red Hat", "version": "7.4", "description": "エンタープライズ向けアプリケーションサーバ"}	2025-03-22 02:52:00.815965	2025-03-22 02:52:00.815965
75	7	{"code": "WILDFLY250", "name": "WildFly 25.0.0.Final", "vendor": "WildFly", "version": "25.0.0.Final", "description": "旧バージョンのコミュニティ版アプリケーションサーバ"}	2025-03-22 02:52:00.815965	2025-03-22 02:52:00.815965
76	7	{"code": "WILDFLY2613", "name": "WildFly 26.1.3.Final", "vendor": "WildFly", "version": "26.1.3.Final", "description": "コミュニティ版アプリケーションサーバ"}	2025-03-22 02:52:00.815965	2025-03-22 02:52:00.815965
77	7	{"code": "KAFKA28", "name": "Apache Kafka 2.8.1", "vendor": "Apache", "version": "2.8.1", "description": "旧バージョンの分散型ストリーミングプラットフォーム"}	2025-03-22 02:52:00.815965	2025-03-22 02:52:00.815965
78	7	{"code": "KAFKA34", "name": "Apache Kafka 3.4.0", "vendor": "Apache", "version": "3.4.0", "description": "分散型ストリーミングプラットフォーム"}	2025-03-22 02:52:00.815965	2025-03-22 02:52:00.815965
79	7	{"code": "RABBITMQ38", "name": "RabbitMQ 3.8.9", "vendor": "Pivotal", "version": "3.8.9", "description": "旧バージョンのオープンソースのメッセージブローカー"}	2025-03-22 02:52:00.815965	2025-03-22 02:52:00.815965
80	7	{"code": "RABBITMQ39", "name": "RabbitMQ 3.9.13", "vendor": "Pivotal", "version": "3.9.13", "description": "オープンソースのメッセージブローカー"}	2025-03-22 02:52:00.815965	2025-03-22 02:52:00.815965
81	7	{"code": "JAVA_SE6", "name": "Java SE 6", "vendor": "Oracle", "version": "6", "description": "旧バージョンのJava Standard Edition"}	2025-03-22 02:52:00.815965	2025-03-22 02:52:00.815965
82	7	{"code": "JAVA_SE7", "name": "Java SE 7", "vendor": "Oracle", "version": "7", "description": "旧バージョンのJava Standard Edition"}	2025-03-22 02:52:00.815965	2025-03-22 02:52:00.815965
83	7	{"code": "JAVA_SE8", "name": "Java SE 8", "vendor": "Oracle", "version": "8", "description": "長期サポート (LTS) のJava Standard Edition"}	2025-03-22 02:52:00.815965	2025-03-22 02:52:00.815965
84	7	{"code": "JAVA_SE9", "name": "Java SE 9", "vendor": "Oracle", "version": "9", "description": "モジュールシステム導入のJava Standard Edition"}	2025-03-22 02:52:00.815965	2025-03-22 02:52:00.815965
85	7	{"code": "JAVA_SE10", "name": "Java SE 10", "vendor": "Oracle", "version": "10", "description": "短期リリースのJava Standard Edition"}	2025-03-22 02:52:00.815965	2025-03-22 02:52:00.815965
86	7	{"code": "JAVA_SE11", "name": "Java SE 11", "vendor": "Oracle", "version": "11", "description": "長期サポート (LTS) のJava Standard Edition"}	2025-03-22 02:52:00.815965	2025-03-22 02:52:00.815965
87	7	{"code": "JAVA_SE12", "name": "Java SE 12", "vendor": "Oracle", "version": "12", "description": "短期リリースのJava Standard Edition"}	2025-03-22 02:52:00.815965	2025-03-22 02:52:00.815965
88	7	{"code": "JAVA_SE13", "name": "Java SE 13", "vendor": "Oracle", "version": "13", "description": "短期リリースのJava Standard Edition"}	2025-03-22 02:52:00.815965	2025-03-22 02:52:00.815965
89	7	{"code": "JAVA_SE14", "name": "Java SE 14", "vendor": "Oracle", "version": "14", "description": "短期リリースのJava Standard Edition"}	2025-03-22 02:52:00.815965	2025-03-22 02:52:00.815965
90	7	{"code": "JAVA_SE15", "name": "Java SE 15", "vendor": "Oracle", "version": "15", "description": "短期リリースのJava Standard Edition"}	2025-03-22 02:52:00.815965	2025-03-22 02:52:00.815965
91	7	{"code": "JAVA_SE16", "name": "Java SE 16", "vendor": "Oracle", "version": "16", "description": "短期リリースのJava Standard Edition"}	2025-03-22 02:52:00.815965	2025-03-22 02:52:00.815965
92	7	{"code": "JAVA_SE17", "name": "Java SE 17", "vendor": "Oracle", "version": "17", "description": "長期サポート (LTS) のJava Standard Edition"}	2025-03-22 02:52:00.815965	2025-03-22 02:52:00.815965
93	7	{"code": "JAVA_SE18", "name": "Java SE 18", "vendor": "Oracle", "version": "18", "description": "短期リリースのJava Standard Edition"}	2025-03-22 02:52:00.815965	2025-03-22 02:52:00.815965
94	7	{"code": "JAVA_SE19", "name": "Java SE 19", "vendor": "Oracle", "version": "19", "description": "短期リリースのJava Standard Edition"}	2025-03-22 02:52:00.815965	2025-03-22 02:52:00.815965
95	7	{"code": "JAVA_SE20", "name": "Java SE 20", "vendor": "Oracle", "version": "20", "description": "短期リリースのJava Standard Edition"}	2025-03-22 02:52:00.815965	2025-03-22 02:52:00.815965
96	7	{"code": "JAVA_SE21", "name": "Java SE 21", "vendor": "Oracle", "version": "21", "description": "最新の長期サポート (LTS) のJava Standard Edition"}	2025-03-22 02:52:00.815965	2025-03-22 02:52:00.815965
97	7	{"code": "JAVA_EE5", "name": "Java EE 5", "vendor": "Oracle", "version": "5", "description": "旧バージョンのJava Enterprise Edition"}	2025-03-22 02:52:00.815965	2025-03-22 02:52:00.815965
98	7	{"code": "JAVA_EE6", "name": "Java EE 6", "vendor": "Oracle", "version": "6", "description": "旧バージョンのJava Enterprise Edition"}	2025-03-22 02:52:00.815965	2025-03-22 02:52:00.815965
99	7	{"code": "JAVA_EE7", "name": "Java EE 7", "vendor": "Oracle", "version": "7", "description": "旧バージョンのJava Enterprise Edition"}	2025-03-22 02:52:00.815965	2025-03-22 02:52:00.815965
100	7	{"code": "JAVA_EE8", "name": "Java EE 8", "vendor": "Oracle", "version": "8", "description": "最後のJava EEリリース"}	2025-03-22 02:52:00.815965	2025-03-22 02:52:00.815965
101	7	{"code": "JAKARTA_EE9", "name": "Jakarta EE 9", "vendor": "Eclipse Foundation", "version": "9", "description": "Java EEからJakarta EEへの移行版"}	2025-03-22 02:52:00.815965	2025-03-22 02:52:00.815965
102	7	{"code": "JAKARTA_EE10", "name": "Jakarta EE 10", "vendor": "Eclipse Foundation", "version": "10", "description": "最新のJakarta EE"}	2025-03-22 02:52:00.815965	2025-03-22 02:52:00.815965
103	7	{"code": "IBM_JAVA6", "name": "IBM SDK for Java Technology Edition 6", "vendor": "IBM", "version": "6", "description": "旧バージョンのIBM Java"}	2025-03-22 02:52:00.815965	2025-03-22 02:52:00.815965
104	7	{"code": "IBM_JAVA7", "name": "IBM SDK for Java Technology Edition 7", "vendor": "IBM", "version": "7", "description": "旧バージョンのIBM Java"}	2025-03-22 02:52:00.815965	2025-03-22 02:52:00.815965
105	7	{"code": "IBM_JAVA8", "name": "IBM SDK for Java Technology Edition 8", "vendor": "IBM", "version": "8", "description": "長期サポートのIBM Java"}	2025-03-22 02:52:00.815965	2025-03-22 02:52:00.815965
106	7	{"code": "IBM_JAVA11", "name": "IBM SDK for Java Technology Edition 11", "vendor": "IBM", "version": "11", "description": "LTS版のIBM Java"}	2025-03-22 02:52:00.815965	2025-03-22 02:52:00.815965
107	7	{"code": "IBM_SEMERU17", "name": "IBM Semeru Runtime 17", "vendor": "IBM", "version": "17", "description": "最新のIBM Java（OpenJ9ベース）"}	2025-03-22 02:52:00.815965	2025-03-22 02:52:00.815965
108	7	{"code": "IBM_COBOL58", "name": "IBM Enterprise COBOL for z/OS 5.8", "vendor": "IBM", "version": "5.8", "description": "最も古いバージョンのIBM COBOL for z/OS"}	2025-03-22 02:52:00.815965	2025-03-22 02:52:00.815965
109	7	{"code": "IBM_COBOL59", "name": "IBM Enterprise COBOL for z/OS 5.9", "vendor": "IBM", "version": "5.9", "description": "旧バージョンのIBM COBOL for z/OS"}	2025-03-22 02:52:00.815965	2025-03-22 02:52:00.815965
110	7	{"code": "IBM_COBOL60", "name": "IBM Enterprise COBOL for z/OS 6.0", "vendor": "IBM", "version": "6.0", "description": "旧バージョンのIBM COBOL for z/OS"}	2025-03-22 02:52:00.815965	2025-03-22 02:52:00.815965
111	7	{"code": "IBM_COBOL61", "name": "IBM Enterprise COBOL for z/OS 6.1", "vendor": "IBM", "version": "6.1", "description": "旧バージョンのIBM COBOL for z/OS"}	2025-03-22 02:52:00.815965	2025-03-22 02:52:00.815965
112	7	{"code": "IBM_COBOL62", "name": "IBM Enterprise COBOL for z/OS 6.2", "vendor": "IBM", "version": "6.2", "description": "旧バージョンのIBM COBOL for z/OS"}	2025-03-22 02:52:00.815965	2025-03-22 02:52:00.815965
113	7	{"code": "IBM_COBOL63", "name": "IBM Enterprise COBOL for z/OS 6.3", "vendor": "IBM", "version": "6.3", "description": "最新バージョンのIBM COBOL for z/OS"}	2025-03-22 02:52:00.815965	2025-03-22 02:52:00.815965
114	7	{"code": "MF_COBOL72", "name": "Micro Focus Visual COBOL 7.2", "vendor": "Micro Focus", "version": "7.2", "description": "最も古いバージョンのMicro Focus Visual COBOL"}	2025-03-22 02:52:00.815965	2025-03-22 02:52:00.815965
115	7	{"code": "MF_COBOL73", "name": "Micro Focus Visual COBOL 7.3", "vendor": "Micro Focus", "version": "7.3", "description": "旧バージョンのMicro Focus Visual COBOL"}	2025-03-22 02:52:00.815965	2025-03-22 02:52:00.815965
116	7	{"code": "MF_COBOL74", "name": "Micro Focus Visual COBOL 7.4", "vendor": "Micro Focus", "version": "7.4", "description": "旧バージョンのMicro Focus Visual COBOL"}	2025-03-22 02:52:00.815965	2025-03-22 02:52:00.815965
117	7	{"code": "MF_COBOL75", "name": "Micro Focus Visual COBOL 7.5", "vendor": "Micro Focus", "version": "7.5", "description": "旧バージョンのMicro Focus Visual COBOL"}	2025-03-22 02:52:00.815965	2025-03-22 02:52:00.815965
118	7	{"code": "MF_COBOL76", "name": "Micro Focus Visual COBOL 7.6", "vendor": "Micro Focus", "version": "7.6", "description": "旧バージョンのMicro Focus Visual COBOL"}	2025-03-22 02:52:00.815965	2025-03-22 02:52:00.815965
119	7	{"code": "MF_COBOL80", "name": "Micro Focus Visual COBOL 8.0", "vendor": "Micro Focus", "version": "8.0", "description": "最新バージョンのMicro Focus Visual COBOL"}	2025-03-22 02:52:00.815965	2025-03-22 02:52:00.815965
120	7	{"code": "GNU_COBOL11", "name": "GnuCOBOL 1.1", "vendor": "GnuCOBOL", "version": "1.1", "description": "最も古いバージョンのGnuCOBOL"}	2025-03-22 02:52:00.815965	2025-03-22 02:52:00.815965
121	7	{"code": "GNU_COBOL15", "name": "GnuCOBOL 1.5", "vendor": "GnuCOBOL", "version": "1.5", "description": "旧バージョンのGnuCOBOL"}	2025-03-22 02:52:00.815965	2025-03-22 02:52:00.815965
122	7	{"code": "GNU_COBOL20", "name": "GnuCOBOL 2.0", "vendor": "GnuCOBOL", "version": "2.0", "description": "旧バージョンのGnuCOBOL"}	2025-03-22 02:52:00.815965	2025-03-22 02:52:00.815965
123	7	{"code": "GNU_COBOL21", "name": "GnuCOBOL 2.1", "vendor": "GnuCOBOL", "version": "2.1", "description": "旧バージョンのGnuCOBOL"}	2025-03-22 02:52:00.815965	2025-03-22 02:52:00.815965
124	7	{"code": "GNU_COBOL22", "name": "GnuCOBOL 2.2", "vendor": "GnuCOBOL", "version": "2.2", "description": "旧バージョンのGnuCOBOL"}	2025-03-22 02:52:00.815965	2025-03-22 02:52:00.815965
125	7	{"code": "GNU_COBOL312", "name": "GnuCOBOL 3.1.2", "vendor": "GnuCOBOL", "version": "3.1.2", "description": "最新バージョンのGnuCOBOL"}	2025-03-22 02:52:00.815965	2025-03-22 02:52:00.815965
126	8	{"code": "2023", "name": "Fiscal Year 2023", "end_date": "2024-03-31", "start_date": "2023-04-01", "description": "2023年度（2023-04-01 ～ 2024-03-31）"}	2023-04-01 00:00:00	2024-03-31 00:00:00
127	8	{"code": "2024", "name": "Fiscal Year 2024", "end_date": "2025-03-31", "start_date": "2024-04-01", "description": "2024年度（2024-04-01 ～ 2025-03-31）"}	2024-04-01 00:00:00	2025-03-31 00:00:00
128	8	{"code": "2025", "name": "Fiscal Year 2025", "end_date": "2026-03-31", "start_date": "2025-04-01", "description": "2025年度（2025-04-01 ～ 2026-03-31）"}	2025-04-01 00:00:00	2026-03-31 00:00:00
129	8	{"code": "2026", "name": "Fiscal Year 2026", "end_date": "2027-03-31", "start_date": "2026-04-01", "description": "2026年度（2026-04-01 ～ 2027-03-31）"}	2026-04-01 00:00:00	2027-03-31 00:00:00
130	8	{"code": "2027", "name": "Fiscal Year 2027", "end_date": "2028-03-31", "start_date": "2027-04-01", "description": "2027年度（2027-04-01 ～ 2028-03-31）"}	2027-04-01 00:00:00	2028-03-31 00:00:00
131	9	{"code": "Q1", "name": "第一四半期", "metadata": {"end_month": 6, "start_month": 4}}	2025-03-22 02:52:00.815965	2025-03-22 02:52:00.815965
132	9	{"code": "Q2", "name": "第二四半期", "metadata": {"end_month": 9, "start_month": 7}}	2025-03-22 02:52:00.815965	2025-03-22 02:52:00.815965
133	9	{"code": "Q3", "name": "第三四半期", "metadata": {"end_month": 12, "start_month": 10}}	2025-03-22 02:52:00.815965	2025-03-22 02:52:00.815965
134	9	{"code": "Q4", "name": "第四四半期", "metadata": {"end_month": 3, "start_month": 1}}	2025-03-22 02:52:00.815965	2025-03-22 02:52:00.815965
135	10	{"code": "1", "name": "1月", "metadata": {"month_number": 1}}	2025-03-22 02:52:00.815965	2025-03-22 02:52:00.815965
136	10	{"code": "2", "name": "2月", "metadata": {"month_number": 2}}	2025-03-22 02:52:00.815965	2025-03-22 02:52:00.815965
137	10	{"code": "3", "name": "3月", "metadata": {"month_number": 3}}	2025-03-22 02:52:00.815965	2025-03-22 02:52:00.815965
138	10	{"code": "4", "name": "4月", "metadata": {"month_number": 4}}	2025-03-22 02:52:00.815965	2025-03-22 02:52:00.815965
139	10	{"code": "5", "name": "5月", "metadata": {"month_number": 5}}	2025-03-22 02:52:00.815965	2025-03-22 02:52:00.815965
140	10	{"code": "6", "name": "6月", "metadata": {"month_number": 6}}	2025-03-22 02:52:00.815965	2025-03-22 02:52:00.815965
141	10	{"code": "7", "name": "7月", "metadata": {"month_number": 7}}	2025-03-22 02:52:00.815965	2025-03-22 02:52:00.815965
142	10	{"code": "8", "name": "8月", "metadata": {"month_number": 8}}	2025-03-22 02:52:00.815965	2025-03-22 02:52:00.815965
143	10	{"code": "9", "name": "9月", "metadata": {"month_number": 9}}	2025-03-22 02:52:00.815965	2025-03-22 02:52:00.815965
144	10	{"code": "10", "name": "10月", "metadata": {"month_number": 10}}	2025-03-22 02:52:00.815965	2025-03-22 02:52:00.815965
145	10	{"code": "11", "name": "11月", "metadata": {"month_number": 11}}	2025-03-22 02:52:00.815965	2025-03-22 02:52:00.815965
146	10	{"code": "12", "name": "12月", "metadata": {"month_number": 12}}	2025-03-22 02:52:00.815965	2025-03-22 02:52:00.815965
147	11	{"code": "PRJ111111111111111", "name": "新製品開発促進", "description": "市場ニーズに応じた新製品開発プロジェクト"}	2025-03-22 02:52:00.815965	2025-03-22 02:52:00.815965
148	12	{"code": "J0XXXXXX", "name": "山田 太郎", "email": "taro.yamada@example.com", "phone": "03-1234-5678", "description": "営業部 営業担当"}	2025-03-22 02:52:00.815965	2025-03-22 02:52:00.815965
149	12	{"code": "J0YYYYYY", "name": "佐藤 花子", "email": "hanako.sato@example.com", "phone": "03-2345-6789", "description": "開発部 プロジェクトリーダー"}	2025-03-22 02:52:00.815965	2025-03-22 02:52:00.815965
150	13	{"code": "ORG001", "name": "本社", "description": "本社グループ全体を統括"}	2025-03-22 02:52:00.815965	2025-03-22 02:52:00.815965
151	13	{"code": "ORG002", "name": "営業部", "description": "国内営業部門", "parent_code": "ORG001"}	2025-03-22 02:52:00.815965	2025-03-22 02:52:00.815965
152	13	{"code": "ORG003", "name": "開発部", "description": "製品開発部門", "parent_code": "ORG001"}	2025-03-22 02:52:00.815965	2025-03-22 02:52:00.815965
153	15	{"code": "SYS001", "name": "顧客管理システム", "version": "1.2.3", "description": "顧客情報管理システム", "owner_department": "営業部"}	2025-03-22 02:52:00.815965	2025-03-22 02:52:00.815965
154	15	{"code": "SYS002", "name": "在庫管理システム", "version": "3.0", "description": "在庫と発注を管理するシステム", "owner_department": "物流部"}	2025-03-22 02:52:00.815965	2025-03-22 02:52:00.815965
155	14	{"code": "LEDGER001", "name": "予算管理台帳", "filterable_columns": ["テーマ名", "年度", "予算種別", "予算番号", "予算名称", "予算額", "利用部門", "振替部門"]}	2025-03-22 03:04:46.359467	2025-03-22 03:04:46.359467
156	14	{"code": "LEDGER002", "name": "発注管理台帳", "filterable_columns": ["年度", "予算種別", "予算番号", "予算名称", "予算額", "利用部門", "振替部門", "発注部門", "発注担当者", "発注日", "検収担当者", "検収完了日"]}	2025-03-22 03:04:46.359467	2025-03-22 03:04:46.359467
157	14	{"code": "LEDGER003", "name": "サーバー管理台帳", "filterable_columns": ["管理部門", "システムコード", "システム標準名称", "システム名", "ホスト名", "OSバージョン", "稼働開始日", "最終パッチ適用日", "パッチ適用推進状況", "稼働終了予定", "移管状況", "次回パッチ適用予定", "次期サーバーリプレイス予定", "次期サーバーバージョン", "リプレイス推進状況", "システム利用ユーザー部門", "費用負担部門", "予算コード", "予算名称", "予算額", "振替部門"]}	2025-03-22 03:04:46.359467	2025-03-22 03:04:46.359467
\.


--
-- TOC entry 5001 (class 0 OID 44487)
-- Dependencies: 223
-- Data for Name: users; Type: TABLE DATA; Schema: web_ledger; Owner: mydbuser
--

COPY web_ledger.users (id, username, password, role_id) FROM stdin;
1	admin	scrypt:32768:8:1$lzoEZh8lhFDucfVY$5b6a7deaccd26d66913c2cf09b5c76b3e43f11d80645e18a019b12e9b7b5591a5156f793c663fdd86bff477c2e1435a1ac98c8608aefd62738c1931a2b0b501a	1
2	manager1	scrypt:32768:8:1$9gBhsIMcfg1iNk8F$fbb67d3fb4a2a2e491ca7cef6acd8e2d12c4df35deb812c5c168260aa7f7645789fa7f12602a58c46cbb7050545423912fd99c5d2e78a4ef36b8caf3ded8955c	2
3	manager2	scrypt:32768:8:1$1sW2LGxifp44UZeT$45b0c6bc79be125e4d1322205a403d7062cd237dbf63d6ab5d21a028ffbfc1d8bdd2635b29daf655c6b29d6fdd2745c9f1dcaffc763460e78f2fff0cc7b6f14a	2
4	user1	scrypt:32768:8:1$UEAXmlR8udCNiS6n$10e4cb8786eb5ad0f47bce703fe6a054cb302062b4ac9c5dad0106bac9dde99577f08d5fa51712e0403c26b6f2d48c2143dc1d76c25c0754f63abf44db57802e	3
5	user2	scrypt:32768:8:1$MiBDrR9rJzlfP8kn$628b753245556dd9aca79175ec60ee72120e2eeebd186441fa92d92fc93c93a3e6e957bb47739c090c7a9072fa8a4b6ecd9d295b06f32525b9b8fa0bc611262e	3
6	user3	scrypt:32768:8:1$1qB4vu9gK44rGr6x$5faecbce6b4a38fe61da29b6163174d5a87109b8b72d12ec73a820bd2640913b11551eae9d1f113ac1b9cb60d48c4ade63945c383bb44104db50abee82723cc9	3
7	user4	scrypt:32768:8:1$RhZ255FO5lcpuv5y$26ad9db44c3ad2ef698067df688b068b61464777207660479384062df45d6dfe0343b45445caff80d2394e23ea3c040aaeaeb7cd6ede4ac4ad472fc8ea62d1a2	3
\.


--
-- TOC entry 5011 (class 0 OID 44559)
-- Dependencies: 233
-- Data for Name: version_history; Type: TABLE DATA; Schema: web_ledger; Owner: mydbuser
--

COPY web_ledger.version_history (id, version, sprint, update_info, "timestamp") FROM stdin;
1	v1.0	1	基本的な台帳機能の初期リリース（ログイン/ログアウト、Web台帳表示、言語切替、AI分析を含む）。	2025-03-03 12:00:00
2	v2.0	2	マルチ台帳対応（予算、サーバー情報、注文）、UIの改善、包括的なユーザー管理、マニュアル、バージョン履歴の追加。	2025-03-03 12:15:00
3	v3.0	3	台帳種類の選択機能の強化、データベースの正規化、UIの再設計、ファイルアップロード機能の拡充。	2025-03-03 12:30:00
4	v4.0	4	台帳機能の強化（フィルタ行の追加、各セルの直接編集機能追加）、編集データの記録機能の追加。	2025-03-03 12:45:00
5	v4.1	4.1	不具合修正（データ編集履歴モーダルの表示不可是正）	2025-03-03 13:00:00
6	v5.0	5	・Web台帳のレイアウト・テーマのカスタマイズ機能を拡充（adminロールによる台帳の新規作成や項目管理をDB化）\n・多言語対応（日英）や更新履歴の詳細管理を強化\n・その他，レポート機能やAI連携、パフォーマンス最適化を実施	2025-03-03 13:15:00
\.


--
-- TOC entry 5039 (class 0 OID 0)
-- Dependencies: 234
-- Name: audit_logs_id_seq; Type: SEQUENCE SET; Schema: web_ledger; Owner: mydbuser
--

SELECT pg_catalog.setval('web_ledger.audit_logs_id_seq', 20, true);


--
-- TOC entry 5040 (class 0 OID 0)
-- Dependencies: 226
-- Name: ledger_column_master_id_seq; Type: SEQUENCE SET; Schema: web_ledger; Owner: mydbuser
--

SELECT pg_catalog.setval('web_ledger.ledger_column_master_id_seq', 104, true);


--
-- TOC entry 5041 (class 0 OID 0)
-- Dependencies: 236
-- Name: ledger_history_id_seq; Type: SEQUENCE SET; Schema: web_ledger; Owner: mydbuser
--

SELECT pg_catalog.setval('web_ledger.ledger_history_id_seq', 20, true);


--
-- TOC entry 5042 (class 0 OID 0)
-- Dependencies: 224
-- Name: ledger_master_id_seq; Type: SEQUENCE SET; Schema: web_ledger; Owner: mydbuser
--

SELECT pg_catalog.setval('web_ledger.ledger_master_id_seq', 3, true);


--
-- TOC entry 5043 (class 0 OID 0)
-- Dependencies: 228
-- Name: ledger_records_id_seq; Type: SEQUENCE SET; Schema: web_ledger; Owner: mydbuser
--

SELECT pg_catalog.setval('web_ledger.ledger_records_id_seq', 2496, true);


--
-- TOC entry 5044 (class 0 OID 0)
-- Dependencies: 230
-- Name: manuals_id_seq; Type: SEQUENCE SET; Schema: web_ledger; Owner: mydbuser
--

SELECT pg_catalog.setval('web_ledger.manuals_id_seq', 3, true);


--
-- TOC entry 5045 (class 0 OID 0)
-- Dependencies: 242
-- Name: master_field_definitions_id_seq; Type: SEQUENCE SET; Schema: web_ledger; Owner: mydbuser
--

SELECT pg_catalog.setval('web_ledger.master_field_definitions_id_seq', 120, true);


--
-- TOC entry 5046 (class 0 OID 0)
-- Dependencies: 238
-- Name: master_types_id_seq; Type: SEQUENCE SET; Schema: web_ledger; Owner: mydbuser
--

SELECT pg_catalog.setval('web_ledger.master_types_id_seq', 18, true);


--
-- TOC entry 5047 (class 0 OID 0)
-- Dependencies: 220
-- Name: role_master_id_seq; Type: SEQUENCE SET; Schema: web_ledger; Owner: mydbuser
--

SELECT pg_catalog.setval('web_ledger.role_master_id_seq', 3, true);


--
-- TOC entry 5048 (class 0 OID 0)
-- Dependencies: 240
-- Name: unified_master_records_id_seq; Type: SEQUENCE SET; Schema: web_ledger; Owner: mydbuser
--

SELECT pg_catalog.setval('web_ledger.unified_master_records_id_seq', 157, true);


--
-- TOC entry 5049 (class 0 OID 0)
-- Dependencies: 222
-- Name: users_id_seq; Type: SEQUENCE SET; Schema: web_ledger; Owner: mydbuser
--

SELECT pg_catalog.setval('web_ledger.users_id_seq', 7, true);


--
-- TOC entry 5050 (class 0 OID 0)
-- Dependencies: 232
-- Name: version_history_id_seq; Type: SEQUENCE SET; Schema: web_ledger; Owner: mydbuser
--

SELECT pg_catalog.setval('web_ledger.version_history_id_seq', 6, true);


--
-- TOC entry 4831 (class 2606 OID 44587)
-- Name: audit_logs audit_logs_pkey; Type: CONSTRAINT; Schema: web_ledger; Owner: mydbuser
--

ALTER TABLE ONLY web_ledger.audit_logs
    ADD CONSTRAINT audit_logs_pkey PRIMARY KEY (id);


--
-- TOC entry 4823 (class 2606 OID 44522)
-- Name: ledger_column_master ledger_column_master_pkey; Type: CONSTRAINT; Schema: web_ledger; Owner: mydbuser
--

ALTER TABLE ONLY web_ledger.ledger_column_master
    ADD CONSTRAINT ledger_column_master_pkey PRIMARY KEY (id);


--
-- TOC entry 4833 (class 2606 OID 44627)
-- Name: ledger_history ledger_history_pkey; Type: CONSTRAINT; Schema: web_ledger; Owner: mydbuser
--

ALTER TABLE ONLY web_ledger.ledger_history
    ADD CONSTRAINT ledger_history_pkey PRIMARY KEY (id);


--
-- TOC entry 4819 (class 2606 OID 44512)
-- Name: ledger_master ledger_master_ledger_name_key; Type: CONSTRAINT; Schema: web_ledger; Owner: mydbuser
--

ALTER TABLE ONLY web_ledger.ledger_master
    ADD CONSTRAINT ledger_master_ledger_name_key UNIQUE (ledger_name);


--
-- TOC entry 4821 (class 2606 OID 44510)
-- Name: ledger_master ledger_master_pkey; Type: CONSTRAINT; Schema: web_ledger; Owner: mydbuser
--

ALTER TABLE ONLY web_ledger.ledger_master
    ADD CONSTRAINT ledger_master_pkey PRIMARY KEY (id);


--
-- TOC entry 4825 (class 2606 OID 44537)
-- Name: ledger_records ledger_records_pkey; Type: CONSTRAINT; Schema: web_ledger; Owner: mydbuser
--

ALTER TABLE ONLY web_ledger.ledger_records
    ADD CONSTRAINT ledger_records_pkey PRIMARY KEY (id);


--
-- TOC entry 4827 (class 2606 OID 44557)
-- Name: manuals manuals_pkey; Type: CONSTRAINT; Schema: web_ledger; Owner: mydbuser
--

ALTER TABLE ONLY web_ledger.manuals
    ADD CONSTRAINT manuals_pkey PRIMARY KEY (id);


--
-- TOC entry 4845 (class 2606 OID 45047)
-- Name: master_field_definitions master_field_definitions_master_id_field_name_tag_key; Type: CONSTRAINT; Schema: web_ledger; Owner: mydbuser
--

ALTER TABLE ONLY web_ledger.master_field_definitions
    ADD CONSTRAINT master_field_definitions_master_id_field_name_tag_key UNIQUE (master_id, field_name, tag);


--
-- TOC entry 4847 (class 2606 OID 45036)
-- Name: master_field_definitions master_field_definitions_pkey; Type: CONSTRAINT; Schema: web_ledger; Owner: mydbuser
--

ALTER TABLE ONLY web_ledger.master_field_definitions
    ADD CONSTRAINT master_field_definitions_pkey PRIMARY KEY (id);


--
-- TOC entry 4836 (class 2606 OID 45094)
-- Name: master_types master_types_display_order_key; Type: CONSTRAINT; Schema: web_ledger; Owner: mydbuser
--

ALTER TABLE ONLY web_ledger.master_types
    ADD CONSTRAINT master_types_display_order_key UNIQUE (display_order);


--
-- TOC entry 4838 (class 2606 OID 44937)
-- Name: master_types master_types_master_type_key; Type: CONSTRAINT; Schema: web_ledger; Owner: mydbuser
--

ALTER TABLE ONLY web_ledger.master_types
    ADD CONSTRAINT master_types_master_type_key UNIQUE (master_type);


--
-- TOC entry 4840 (class 2606 OID 44935)
-- Name: master_types master_types_pkey; Type: CONSTRAINT; Schema: web_ledger; Owner: mydbuser
--

ALTER TABLE ONLY web_ledger.master_types
    ADD CONSTRAINT master_types_pkey PRIMARY KEY (id);


--
-- TOC entry 4811 (class 2606 OID 44483)
-- Name: role_master role_master_pkey; Type: CONSTRAINT; Schema: web_ledger; Owner: mydbuser
--

ALTER TABLE ONLY web_ledger.role_master
    ADD CONSTRAINT role_master_pkey PRIMARY KEY (id);


--
-- TOC entry 4813 (class 2606 OID 44485)
-- Name: role_master role_master_role_name_key; Type: CONSTRAINT; Schema: web_ledger; Owner: mydbuser
--

ALTER TABLE ONLY web_ledger.role_master
    ADD CONSTRAINT role_master_role_name_key UNIQUE (role_name);


--
-- TOC entry 4842 (class 2606 OID 44966)
-- Name: unified_master_records unified_master_records_pkey; Type: CONSTRAINT; Schema: web_ledger; Owner: mydbuser
--

ALTER TABLE ONLY web_ledger.unified_master_records
    ADD CONSTRAINT unified_master_records_pkey PRIMARY KEY (id);


--
-- TOC entry 4815 (class 2606 OID 44494)
-- Name: users users_pkey; Type: CONSTRAINT; Schema: web_ledger; Owner: mydbuser
--

ALTER TABLE ONLY web_ledger.users
    ADD CONSTRAINT users_pkey PRIMARY KEY (id);


--
-- TOC entry 4817 (class 2606 OID 44496)
-- Name: users users_username_key; Type: CONSTRAINT; Schema: web_ledger; Owner: mydbuser
--

ALTER TABLE ONLY web_ledger.users
    ADD CONSTRAINT users_username_key UNIQUE (username);


--
-- TOC entry 4829 (class 2606 OID 44567)
-- Name: version_history version_history_pkey; Type: CONSTRAINT; Schema: web_ledger; Owner: mydbuser
--

ALTER TABLE ONLY web_ledger.version_history
    ADD CONSTRAINT version_history_pkey PRIMARY KEY (id);


--
-- TOC entry 4843 (class 1259 OID 45044)
-- Name: idx_field_definitions_master; Type: INDEX; Schema: web_ledger; Owner: mydbuser
--

CREATE INDEX idx_field_definitions_master ON web_ledger.master_field_definitions USING btree (master_id);


--
-- TOC entry 4834 (class 1259 OID 44972)
-- Name: idx_master_types_type; Type: INDEX; Schema: web_ledger; Owner: mydbuser
--

CREATE INDEX idx_master_types_type ON web_ledger.master_types USING btree (master_type);


--
-- TOC entry 4849 (class 2606 OID 44523)
-- Name: ledger_column_master ledger_column_master_ledger_master_id_fkey; Type: FK CONSTRAINT; Schema: web_ledger; Owner: mydbuser
--

ALTER TABLE ONLY web_ledger.ledger_column_master
    ADD CONSTRAINT ledger_column_master_ledger_master_id_fkey FOREIGN KEY (ledger_master_id) REFERENCES web_ledger.ledger_master(id);


--
-- TOC entry 4850 (class 2606 OID 45086)
-- Name: ledger_records ledger_records_field_id_fkey; Type: FK CONSTRAINT; Schema: web_ledger; Owner: mydbuser
--

ALTER TABLE ONLY web_ledger.ledger_records
    ADD CONSTRAINT ledger_records_field_id_fkey FOREIGN KEY (column_id) REFERENCES web_ledger.master_field_definitions(id) ON DELETE CASCADE;


--
-- TOC entry 4852 (class 2606 OID 45039)
-- Name: master_field_definitions master_field_definitions_master_id_fkey; Type: FK CONSTRAINT; Schema: web_ledger; Owner: mydbuser
--

ALTER TABLE ONLY web_ledger.master_field_definitions
    ADD CONSTRAINT master_field_definitions_master_id_fkey FOREIGN KEY (master_id) REFERENCES web_ledger.master_types(id) ON DELETE CASCADE;


--
-- TOC entry 4851 (class 2606 OID 44967)
-- Name: unified_master_records unified_master_records_master_id_fkey; Type: FK CONSTRAINT; Schema: web_ledger; Owner: mydbuser
--

ALTER TABLE ONLY web_ledger.unified_master_records
    ADD CONSTRAINT unified_master_records_master_id_fkey FOREIGN KEY (master_id) REFERENCES web_ledger.master_types(id) ON DELETE CASCADE;


--
-- TOC entry 4848 (class 2606 OID 44497)
-- Name: users users_role_id_fkey; Type: FK CONSTRAINT; Schema: web_ledger; Owner: mydbuser
--

ALTER TABLE ONLY web_ledger.users
    ADD CONSTRAINT users_role_id_fkey FOREIGN KEY (role_id) REFERENCES web_ledger.role_master(id);


-- Completed on 2025-04-11 23:06:10

--
-- PostgreSQL database dump complete
--

